时间,蒸汽开度/%,釜温,中温,顶温,回流比,精馏釜液位/cm,V02121A液位/cm,V02122A液位/cm,V02123A液位/cm,V02123B液位/cm,time_delta_hours,time_diff_hours
2023-03-24 18:00:00,75.0,82.48,76.47,71.8,10.0,129.0,7.0,112.0,61.0,83.0,0.0,1.0
2023-03-24 19:00:00,75.0,82.73,74.54,72.81,10.0,126.0,7.0,130.0,61.0,83.0,1.0,1.0
2023-03-24 21:00:00,75.0,82.85,74.41,73.89,8.0,123.0,10.0,134.0,61.0,83.0,2.0,1.0
2023-03-24 22:00:00,75.0,82.93,74.34,74.08,8.0,121.0,33.0,134.0,61.0,83.0,3.0,1.0
2023-03-24 23:00:00,75.0,82.97,74.47,73.97,5.0,117.0,39.0,134.0,75.0,83.0,4.0,1.0
2023-03-25 00:00:00,75.0,83.09,74.47,74.1,3.0,115.0,39.0,134.0,111.0,83.0,5.0,1.0
2023-03-25 02:00:00,75.0,83.4,74.45,74.12,3.0,107.0,39.0,134.0,189.0,83.0,6.0,1.0
2023-03-25 04:00:00,75.0,83.84,74.47,74.15,3.0,99.0,39.0,134.0,271.0,83.0,7.0,1.0
2023-03-25 05:00:00,75.0,84.0,74.41,74.16,16.0,97.0,39.0,134.0,55.0,85.0,8.0,1.0
2023-03-25 06:00:00,75.0,84.1,74.47,74.15,3.0,95.0,39.0,134.0,31.0,89.0,9.0,1.0
2023-03-25 07:00:00,75.0,84.47,74.54,74.12,3.0,84.0,39.0,134.0,69.0,89.0,10.0,1.0
2023-03-25 11:00:00,85.0,86.6,74.73,74.06,3.0,74.0,39.0,135.0,248.0,89.0,11.0,1.0
2023-03-25 14:00:00,85.0,92.37,74.87,74.24,5.0,65.0,39.0,135.0,85.0,99.0,12.0,1.0
2023-03-25 16:00:00,85.0,100.02,75.48,74.15,16.0,61.0,39.0,135.0,139.0,99.0,13.0,1.0
2023-03-25 17:00:00,85.0,100.94,77.34,74.1,2.0,59.0,41.0,135.0,155.0,99.0,14.0,1.0
2023-03-26 17:00:00,70.0,82.55,74.48,74.48,10.0,122.0,7.0,152.0,9.0,99.0,15.0,1.0
2023-03-26 18:00:00,70.0,82.65,74.42,73.25,10.0,121.0,7.0,166.0,9.0,99.0,16.0,1.0
2023-03-26 20:00:00,70.0,82.7,74.34,73.96,8.0,118.0,10.0,166.0,9.0,99.0,17.0,1.0
2023-03-26 21:00:00,70.0,82.8,74.41,74.04,5.0,117.0,27.0,166.0,9.0,99.0,18.0,1.0
2023-03-26 23:00:00,75.0,83.14,74.48,74.17,5.0,111.0,27.0,166.0,65.0,99.0,19.0,1.0
2023-03-27 00:00:00,75.0,83.24,74.41,74.17,3.0,108.0,27.0,166.0,97.0,97.0,20.0,1.0
2023-03-27 01:00:00,75.0,83.42,74.47,74.17,3.0,104.0,27.0,166.0,137.0,97.0,21.0,1.0
2023-03-27 03:00:00,75.0,83.89,74.54,74.11,3.0,96.0,27.0,166.0,229.0,97.0,22.0,1.0
2023-03-27 05:00:00,75.0,84.27,74.42,74.1,16.0,89.0,27.0,165.0,293.0,103.0,23.0,1.0
2023-03-27 06:00:00,75.0,84.43,74.41,74.09,3.0,88.0,27.0,164.0,292.0,107.0,24.0,1.0
2023-03-27 08:00:00,75.0,85.28,74.54,74.07,3.0,80.0,27.0,164.0,121.0,107.0,25.0,1.0
2023-03-27 09:30:00,76.0,86.15,74.54,74.06,5.0,74.0,27.0,167.0,181.0,107.0,26.0,1.0
2023-03-27 11:00:00,76.0,87.37,74.4,74.0,4.0,72.0,27.0,167.0,223.0,107.0,27.0,1.0
2023-03-27 12:00:00,76.0,89.18,74.41,74.0,3.0,69.0,27.0,167.0,265.0,107.0,28.0,1.0
2023-03-27 14:30:00,76.0,94.77,74.48,73.97,6.0,66.0,27.0,167.0,17.0,115.0,29.0,1.0
2023-03-27 16:00:00,76.0,98.21,74.68,73.99,16.0,64.0,27.0,167.0,39.0,115.0,30.0,1.0
2023-03-28 17:02:00,65.0,82.1,74.28,72.75,10.0,123.0,7.0,184.0,61.0,115.0,31.0,1.0
2023-03-28 19:00:00,70.0,82.82,74.28,73.72,8.0,120.0,7.0,188.0,61.0,115.0,32.0,1.0
2023-03-28 20:00:00,70.0,82.86,74.28,73.8,8.0,119.0,23.0,188.0,61.0,113.0,33.0,1.0
2023-03-28 21:00:00,70.0,83.02,74.28,74.02,8.0,117.0,41.0,188.0,61.0,113.0,34.0,1.0
2023-03-28 23:00:00,75.0,83.39,74.41,74.1,16.0,110.0,45.0,186.0,121.0,113.0,35.0,1.0
2023-03-29 00:12:00,75.0,83.44,74.34,74.09,5.0,108.0,45.0,186.0,137.0,113.0,36.0,1.0
2023-03-29 01:02:00,75.0,83.46,74.28,74.03,3.0,107.0,45.0,186.0,157.0,113.0,37.0,1.0
2023-03-29 02:56:00,75.0,83.81,74.41,74.02,3.0,100.0,45.0,186.0,229.0,113.0,38.0,1.0
2023-03-29 03:56:00,75.0,84.05,74.34,74.41,3.0,96.0,45.0,186.0,273.0,113.0,39.0,1.0
2023-03-29 07:00:00,77.0,85.15,74.33,73.97,3.0,85.0,45.0,186.0,103.0,123.0,40.0,1.0
2023-03-29 08:00:00,77.0,85.72,74.41,74.02,3.0,81.0,45.0,188.0,149.0,123.0,41.0,1.0
2023-03-29 09:00:00,78.0,86.56,74.54,73.85,3.0,76.0,45.0,188.0,193.0,125.0,42.0,1.0
2023-03-29 11:00:00,79.0,89.21,74.48,73.85,4.0,71.0,45.0,188.0,283.0,125.0,43.0,1.0
2023-03-29 11:20:00,79.0,89.75,74.55,73.85,16.0,70.0,45.0,188.0,293.0,125.0,44.0,1.0
2023-03-29 14:00:00,79.0,95.2,74.54,73.84,6.0,66.0,45.0,188.0,67.0,137.0,45.0,1.0
2023-03-29 15:00:00,79.0,98.58,74.95,73.84,16.0,64.5,45.0,188.0,91.0,137.0,46.0,1.0
2023-03-29 16:00:00,79.0,100.06,76.49,73.91,16.0,63.0,47.0,190.0,107.0,137.0,47.0,1.0
2023-03-30 09:00:00,75.0,83.23,74.7,72.8,10.0,123.0,7.0,208.0,11.0,136.0,48.0,1.0
2023-03-30 11:00:00,75.0,83.33,74.47,73.83,8.0,118.0,16.0,212.0,11.0,136.0,49.0,1.0
2023-03-30 12:00:00,75.0,83.45,74.48,74.01,8.0,117.0,37.0,212.0,11.0,136.0,50.0,1.0
2023-03-30 13:00:00,75.0,83.61,74.54,74.02,3.0,112.0,41.0,214.0,49.0,136.0,51.0,1.0
2023-03-30 15:00:00,75.0,83.95,74.48,74.04,3.0,105.0,41.0,214.0,135.0,136.0,52.0,1.0
2023-03-30 17:00:00,75.0,84.57,74.62,74.06,3.0,97.0,41.0,214.0,229.0,136.0,53.0,1.0
2023-03-30 18:00:00,75.0,84.84,74.56,74.01,3.0,93.0,41.0,214.0,271.0,136.0,54.0,1.0
2023-03-30 21:00:00,75.0,85.67,74.52,74.21,3.0,86.0,41.0,212.0,61.0,146.0,55.0,1.0
2023-03-30 22:00:00,75.0,86.21,74.62,74.26,3.0,83.0,41.0,212.0,105.0,146.0,56.0,1.0
2023-03-31 00:08:00,75.0,88.03,74.68,74.13,3.0,75.0,41.0,212.0,189.0,146.0,57.0,1.0
2023-03-31 02:57:00,76.0,94.0,74.69,74.19,8.0,67.0,41.0,212.0,295.0,151.0,58.0,1.0
2023-03-31 04:01:00,76.0,96.52,74.69,74.19,8.0,66.0,41.0,212.0,17.0,167.0,59.0,1.0
2023-04-01 11:00:00,75.0,83.3,74.49,73.66,8.0,124.0,7.0,77.0,51.0,167.0,60.0,1.0
2023-04-01 13:00:00,75.0,83.35,74.43,74.01,8.0,119.0,39.0,77.0,52.0,167.0,61.0,1.0
2023-04-01 15:00:00,75.0,83.73,74.42,74.0,3.0,112.0,49.0,77.0,107.0,167.0,62.0,1.0
2023-04-01 16:09:00,75.0,83.89,74.49,74.09,3.0,108.0,49.0,77.0,161.0,167.0,63.0,1.0
2023-04-01 18:06:00,75.0,84.36,74.48,73.7,3.0,101.0,49.0,77.0,246.0,167.0,64.0,1.0
2023-04-01 19:26:00,75.0,84.74,74.42,74.1,8.0,97.0,49.0,77.0,295.0,167.0,65.0,1.0
2023-04-01 20:54:00,76.0,85.2,74.55,74.11,3.0,92.0,49.0,77.0,43.0,177.0,66.0,1.0
2023-04-02 00:00:00,76.0,86.85,74.55,74.11,3.0,80.0,49.0,77.0,181.0,177.0,67.0,1.0
2023-04-02 02:00:00,78.0,88.83,74.55,73.99,4.0,74.0,49.0,77.0,257.0,177.0,68.0,1.0
2023-04-02 03:00:00,78.0,90.09,74.42,73.99,16.0,72.0,49.0,77.0,291.0,177.0,69.0,1.0
2023-04-02 05:00:00,78.0,93.07,74.55,73.99,5.0,69.0,49.0,77.0,45.0,189.0,70.0,1.0
2023-04-02 07:00:00,78.0,98.33,74.95,73.98,16.0,66.0,49.0,77.0,97.0,189.0,71.0,1.0
2023-04-02 08:36:00,78.0,99.06,77.15,73.98,16.0,64.0,49.0,77.0,119.0,189.0,72.0,1.0
2023-04-03 08:00:00,75.0,83.19,74.29,72.54,8.0,121.0,7.0,107.0,9.0,189.0,73.0,1.0
2023-04-03 10:00:00,75.0,83.22,74.29,73.61,8.0,117.0,13.0,107.0,9.0,189.0,74.0,1.0
2023-04-03 11:00:00,75.0,83.28,74.21,73.76,8.0,115.0,33.0,107.0,9.0,189.0,75.0,1.0
2023-04-03 12:00:00,75.0,83.5,74.35,73.82,5.0,111.0,33.0,107.0,45.0,189.0,76.0,1.0
2023-04-03 14:00:00,75.0,83.88,74.29,73.82,3.0,104.0,33.0,107.0,129.0,189.0,77.0,1.0
2023-04-03 15:00:00,77.0,84.21,74.35,73.82,3.0,99.0,33.0,107.0,172.0,189.0,78.0,1.0
2023-04-03 16:05:00,79.0,84.64,74.48,73.89,3.0,95.0,33.0,107.0,221.0,189.0,79.0,1.0
2023-04-03 17:00:00,79.0,85.02,74.41,73.89,3.0,91.0,33.0,107.0,265.0,189.0,80.0,1.0
2023-04-03 18:02:00,79.0,85.55,74.47,73.89,8.0,88.0,33.0,107.0,303.0,189.0,81.0,1.0
2023-04-03 19:59:00,79.0,86.47,74.54,73.88,3.0,81.0,33.0,107.0,73.0,205.0,82.0,1.0
2023-04-03 21:59:00,79.0,88.29,74.47,73.94,3.0,74.0,33.0,107.0,163.0,205.0,83.0,1.0
2023-04-04 00:05:00,79.0,91.85,74.54,74.54,5.0,70.0,33.0,107.0,237.0,205.0,84.0,1.0
2023-04-04 02:00:00,79.0,95.97,74.67,74.0,8.0,67.0,33.0,107.0,285.0,205.0,85.0,1.0
2023-04-04 03:00:00,79.0,97.56,74.68,73.93,8.0,66.0,33.0,106.0,251.0,205.0,86.0,1.0
2023-04-04 04:00:00,79.0,98.57,75.4,73.93,16.0,65.0,33.0,106.0,263.0,205.0,87.0,1.0
2023-04-04 05:00:00,79.0,98.97,76.53,73.94,2.0,64.0,35.0,106.0,270.0,205.0,88.0,1.0
2023-04-05 04:56:00,70.0,83.25,74.53,73.48,8.0,121.0,7.0,126.0,11.0,205.0,89.0,1.0
2023-04-05 07:00:00,70.0,83.4,74.52,74.0,8.0,119.0,27.0,126.0,11.0,205.0,90.0,1.0
2023-04-05 08:03:00,70.0,83.47,74.53,74.06,8.0,117.0,45.0,126.0,11.0,205.0,91.0,1.0
2023-04-05 09:58:00,75.0,83.65,74.6,74.15,3.0,113.0,53.0,127.0,52.0,205.0,92.0,1.0
2023-04-05 11:01:00,75.0,83.83,74.66,74.14,6.0,110.0,53.0,127.0,77.0,205.0,93.0,1.0
2023-04-05 12:07:00,75.0,84.01,74.67,74.12,4.0,108.0,53.0,127.0,107.0,207.0,94.0,1.0
2023-04-05 14:01:00,75.0,84.6,74.73,74.18,3.0,100.0,53.0,128.0,187.0,207.0,95.0,1.0
2023-04-05 16:05:00,78.0,85.32,74.86,74.19,3.0,92.0,53.0,128.0,279.0,207.0,96.0,1.0
2023-04-05 17:00:00,78.0,85.52,74.73,74.19,16.0,90.0,53.0,128.0,297.0,212.0,97.0,1.0
2023-04-05 19:00:00,78.0,86.57,74.79,74.19,3.0,83.0,53.0,126.0,83.0,218.0,98.0,1.0
2023-04-05 21:00:00,79.0,89.0,74.86,74.33,3.0,75.0,53.0,126.0,183.0,217.0,99.0,1.0
2023-04-05 23:00:00,79.0,92.81,74.86,74.42,5.0,71.0,53.0,126.0,257.0,217.0,100.0,1.0
2023-04-06 00:00:00,79.0,95.37,74.99,74.43,6.0,69.0,53.0,126.0,287.0,217.0,101.0,1.0
2023-04-06 02:00:00,79.0,98.86,75.78,74.28,16.0,66.0,53.0,126.0,263.0,218.0,102.0,1.0
2023-04-06 03:00:00,79.0,100.18,94.75,74.35,2.0,62.0,95.0,126.0,267.0,218.0,103.0,1.0
2023-04-07 19:00:00,75.0,83.3,74.8,72.03,10.0,127.0,6.0,136.0,11.0,220.0,104.0,1.0
2023-04-07 20:00:00,75.0,83.25,74.76,73.26,8.0,125.0,6.0,154.0,11.0,220.0,105.0,1.0
2023-04-07 22:00:00,70.0,83.32,74.73,74.21,8.0,122.0,11.0,154.0,11.0,220.0,106.0,1.0
2023-04-07 23:00:00,72.0,83.37,74.59,74.35,8.0,121.0,25.0,154.0,11.0,220.0,107.0,1.0
2023-04-08 00:00:00,74.0,83.56,74.66,74.43,6.0,119.0,33.0,154.0,21.0,220.0,108.0,1.0
2023-04-08 02:00:00,74.0,83.86,74.59,74.5,3.0,113.0,33.0,154.0,93.0,218.0,109.0,1.0
2023-04-08 04:00:00,74.0,84.42,74.86,74.5,3.0,104.0,33.0,154.0,179.0,218.0,110.0,1.0
2023-04-08 05:00:00,74.0,84.61,74.72,74.44,3.0,101.0,33.0,154.0,215.0,218.0,111.0,1.0
2023-04-08 07:00:00,75.5,85.25,74.79,74.18,16.0,95.0,33.0,154.0,289.0,225.0,112.0,1.0
2023-04-08 09:00:00,76.0,85.54,74.73,74.25,3.0,90.0,33.0,156.0,62.0,237.0,113.0,1.0
2023-04-08 13:00:00,78.0,89.04,74.87,74.15,3.0,74.0,33.0,157.0,231.0,237.0,114.0,1.0
2023-04-08 14:00:00,78.0,90.45,74.87,74.17,3.0,73.0,33.0,157.0,275.0,239.0,115.0,1.0
2023-04-08 15:00:00,78.0,92.45,74.93,74.63,6.0,72.0,33.0,157.0,11.0,243.0,116.0,1.0
2023-04-08 16:00:00,78.0,94.2,74.86,74.19,6.0,70.0,33.0,157.0,39.0,243.0,117.0,1.0
2023-04-08 17:00:00,78.0,96.11,74.87,74.26,8.0,69.0,33.0,156.0,63.0,244.0,118.0,1.0
2023-04-08 19:00:00,78.0,98.38,75.27,74.32,16.0,67.0,33.0,156.0,87.0,242.0,119.0,1.0
2023-04-08 20:00:00,78.0,99.11,77.01,74.27,16.0,66.0,33.0,156.0,99.0,242.0,120.0,1.0
2023-04-09 21:00:00,73.0,83.22,74.74,72.76,10.0,127.0,6.0,170.0,99.0,240.0,121.0,1.0
2023-04-09 23:00:00,73.0,83.34,74.66,73.79,8.0,123.0,6.0,182.0,99.0,240.0,122.0,1.0
2023-04-10 00:09:00,73.0,83.38,74.67,74.39,8.0,121.0,19.0,182.0,99.0,240.0,123.0,1.0
2023-04-10 01:02:00,73.0,83.46,74.67,74.39,8.0,120.0,35.0,182.0,97.0,240.0,124.0,1.0
2023-04-10 02:55:00,75.0,83.78,74.74,74.52,3.0,113.0,37.0,182.0,164.0,240.0,125.0,1.0
2023-04-10 05:01:00,75.0,84.21,74.68,74.46,3.0,105.0,37.0,182.0,253.0,240.0,126.0,1.0
2023-04-10 05:51:00,75.0,84.43,74.82,74.46,3.0,102.0,37.0,181.0,291.0,240.0,127.0,1.0
2023-04-10 08:00:00,75.0,85.1,74.82,74.44,3.0,94.0,37.0,183.0,62.0,251.0,128.0,1.0
2023-04-10 10:00:00,77.0,85.66,74.82,74.35,3.0,89.0,37.0,182.0,149.0,253.0,129.0,1.0
2023-04-10 11:00:00,78.0,86.42,74.87,74.28,3.0,84.0,37.0,184.0,191.0,253.0,130.0,1.0
2023-04-10 13:00:00,78.0,88.2,75.0,74.42,16.0,76.0,37.0,184.0,291.0,255.0,131.0,1.0
2023-04-10 15:00:00,78.0,91.07,74.87,74.28,5.0,71.3,37.0,185.0,75.0,267.0,132.0,1.0
2023-04-10 16:15:00,78.0,93.68,74.88,74.28,6.0,68.0,36.0,185.0,111.0,267.0,133.0,1.0
2023-04-10 18:04:00,78.0,98.38,75.48,74.4,16.0,65.0,37.0,185.0,159.0,264.0,134.0,1.0
2023-04-10 19:57:00,78.0,100.67,95.52,74.03,2.0,59.0,95.0,182.0,173.0,262.0,135.0,1.0
2023-04-11 19:00:00,73.0,83.48,74.56,73.64,8.0,122.0,7.0,204.0,11.0,265.0,136.0,1.0
2023-04-11 19:57:00,73.0,83.65,74.56,74.06,8.0,121.0,10.0,203.0,11.0,262.0,137.0,1.0
2023-04-11 21:00:00,73.0,83.6,74.56,74.2,8.0,120.0,29.0,203.0,11.0,262.0,138.0,1.0
2023-04-11 23:01:00,73.0,83.88,74.43,74.34,5.0,115.0,41.0,203.0,45.0,262.0,139.0,1.0
2023-04-12 00:10:00,73.0,84.03,74.62,74.34,3.0,111.0,41.0,202.0,89.0,263.0,140.0,1.0
2023-04-12 01:06:00,73.0,84.29,74.69,74.27,3.0,107.0,41.0,202.0,125.0,263.0,141.0,1.0
2023-04-12 02:56:00,74.0,84.79,74.61,74.34,3.0,101.0,41.0,202.0,197.0,263.0,142.0,1.0
2023-04-12 04:57:00,74.0,85.38,74.61,74.33,3.0,94.0,41.0,202.0,277.0,263.0,143.0,1.0
2023-04-12 06:00:00,74.0,85.59,74.62,74.39,8.0,92.0,41.0,202.0,239.0,267.0,144.0,1.0
2023-04-12 08:13:00,74.0,86.46,74.62,74.53,3.0,85.0,41.0,202.0,79.0,275.0,145.0,1.0
2023-04-12 10:00:00,75.0,88.37,74.69,74.04,3.0,78.0,41.0,202.0,150.0,275.0,146.0,1.0
2023-04-12 13:30:00,75.0,93.91,74.75,74.15,6.0,71.0,41.0,205.0,277.0,277.0,147.0,1.0
2023-04-12 14:20:00,75.0,95.99,74.75,74.06,16.0,69.0,41.0,204.0,293.0,277.0,148.0,1.0
2023-04-12 15:00:00,75.0,96.75,74.96,74.17,12.0,69.0,41.5,204.0,17.0,281.0,149.0,1.0
2023-04-12 16:00:00,75.0,97.84,75.15,74.18,16.0,67.84,41.0,204.0,25.0,281.0,150.0,1.0
2023-04-13 23:00:00,75.0,83.1,74.42,71.57,10.0,126.0,6.0,210.0,43.0,279.0,151.0,1.0
2023-04-14 00:00:00,75.0,83.19,74.42,72.92,10.0,125.0,6.0,226.0,43.0,279.0,152.0,1.0
2023-04-14 02:00:00,75.0,83.28,74.29,73.98,8.0,120.0,16.0,232.0,43.0,279.0,153.0,1.0
2023-04-14 03:00:00,75.0,83.34,74.39,74.04,6.0,119.0,31.0,232.0,43.0,279.0,154.0,1.0
2023-04-14 05:00:00,75.0,83.65,74.42,74.03,3.0,113.0,31.0,232.0,107.0,279.0,155.0,1.0
2023-04-14 06:00:00,75.0,83.87,74.43,73.15,3.0,108.0,31.0,234.0,151.0,279.0,156.0,1.0
2023-04-14 08:00:00,76.0,84.48,74.48,73.99,3.0,100.0,31.0,234.0,239.0,279.0,157.0,1.0
2023-04-14 09:00:00,75.0,84.65,74.42,73.98,3.0,98.0,31.0,234.0,277.0,279.0,158.0,1.0
2023-04-14 09:23:00,75.0,84.73,74.43,73.97,3.0,96.0,31.0,234.0,287.0,281.0,159.0,1.0
2023-04-14 11:00:00,75.0,85.03,74.42,73.9,3.0,93.0,31.0,234.0,43.0,287.0,160.0,1.0
2023-04-14 13:00:00,75.0,86.02,74.56,74.0,3.0,86.0,31.0,236.0,130.0,10.0,161.0,1.0
2023-04-14 15:00:00,75.0,87.72,74.5,73.99,3.0,79.0,31.0,236.0,217.0,11.0,162.0,1.0
2023-04-14 16:08:00,75.0,88.68,74.49,73.92,4.0,77.0,31.0,236.0,254.0,11.0,163.0,1.0
2023-04-14 17:02:00,75.0,89.5,74.49,74.43,6.0,76.0,31.0,236.0,275.0,11.0,164.0,1.0
2023-04-14 18:56:00,75.0,92.3,74.57,73.99,3.0,71.0,31.0,236.0,37.0,21.0,165.0,1.0
2023-04-14 20:59:00,75.0,97.81,75.56,74.01,16.0,68.0,31.0,234.0,99.0,21.0,166.0,1.0
2023-04-15 02:00:00,74.0,83.04,74.44,72.64,10.0,124.0,7.0,7.0,109.0,21.0,167.0,1.0
2023-04-15 04:00:00,74.0,83.14,74.44,73.13,8.0,119.0,10.0,9.0,109.0,21.0,168.0,1.0
2023-04-15 05:00:00,74.0,83.24,74.44,73.66,8.0,118.0,29.0,9.0,109.0,21.0,169.0,1.0
2023-04-15 06:00:00,75.0,83.46,74.44,74.19,6.0,114.0,31.0,9.0,141.0,21.0,170.0,1.0
2023-04-15 08:00:00,75.0,83.83,74.49,74.19,3.0,108.0,31.0,9.0,215.0,20.0,171.0,1.0
2023-04-15 10:00:00,75.0,84.21,74.4,74.04,6.0,102.0,31.0,9.0,283.0,20.0,172.0,1.0
2023-04-15 11:00:00,75.0,84.38,74.5,74.03,3.0,100.0,31.0,9.0,11.0,28.0,173.0,1.0
2023-04-15 12:00:00,75.0,84.65,74.57,74.03,3.0,96.0,31.0,9.0,59.0,28.0,174.0,1.0
2023-04-15 13:00:00,75.0,84.99,74.56,74.08,3.0,93.0,31.0,9.0,97.0,28.0,175.0,1.0
2023-04-15 15:00:00,75.0,85.91,74.62,73.94,3.0,85.0,31.0,9.0,187.0,28.0,176.0,1.0
2023-04-15 15:54:00,75.0,86.4,74.7,74.07,3.0,82.0,31.0,9.0,224.0,28.0,177.0,1.0
2023-04-15 16:56:00,75.0,87.53,74.69,74.08,3.0,78.0,31.0,9.0,270.0,28.0,178.0,1.0
2023-04-15 18:58:00,75.0,88.87,74.56,74.57,3.0,75.0,31.0,9.0,39.0,35.0,179.0,1.0
2023-04-15 20:55:00,75.0,92.44,74.7,74.33,5.0,70.0,31.0,9.0,105.0,35.0,180.0,1.0
2023-04-15 22:56:00,75.0,96.72,74.89,74.13,8.0,68.0,31.0,9.0,152.0,35.0,181.0,1.0
2023-04-16 00:00:00,75.0,98.15,75.83,74.12,16.0,66.0,31.0,9.0,169.0,35.0,182.0,1.0
2023-04-16 00:51:00,75.0,98.52,76.89,74.06,2.0,65.0,31.0,9.0,141.0,35.0,183.0,1.0
2023-04-17 21:54:00,75.0,84.86,76.9,72.12,10.0,129.0,7.0,13.0,11.0,37.0,184.0,1.0
2023-04-17 23:08:00,50.0,83.13,75.84,73.25,10.0,129.0,7.0,25.0,11.0,37.0,185.0,1.0
2023-04-18 00:08:00,50.0,82.34,74.44,72.91,10.0,129.0,7.0,31.0,11.0,37.0,186.0,1.0
2023-04-18 02:00:00,55.0,82.38,74.24,73.05,8.0,128.0,7.0,31.0,11.0,37.0,187.0,1.0
2023-04-18 03:00:00,75.0,82.97,74.51,73.38,8.0,125.0,7.0,31.0,11.0,37.0,188.0,1.0
2023-04-18 04:00:00,75.0,83.05,74.24,73.65,8.0,122.0,25.0,31.0,11.0,37.0,189.0,1.0
2023-04-18 04:30:00,75.0,83.07,74.18,73.66,8.0,121.0,35.0,31.0,11.0,36.0,190.0,1.0
2023-04-18 06:00:00,75.0,83.27,74.18,73.78,6.0,119.0,35.0,31.0,35.0,36.0,191.0,1.0
2023-04-18 07:00:00,75.0,83.5,74.24,73.76,3.0,115.0,35.0,31.0,73.0,36.0,192.0,1.0
2023-04-18 08:12:00,75.0,83.76,74.24,73.74,3.0,110.0,35.0,31.0,129.0,37.0,193.0,1.0
2023-04-18 09:13:00,75.0,83.91,74.31,73.73,3.0,107.0,35.0,31.0,169.0,37.0,194.0,1.0
2023-04-18 10:25:00,75.0,84.32,74.31,73.72,3.0,102.0,35.0,31.0,223.0,37.0,195.0,1.0
2023-04-18 11:30:00,75.0,84.57,74.31,73.68,3.0,98.0,35.0,31.0,268.0,37.0,196.0,1.0
2023-04-18 12:00:00,75.0,84.78,74.37,73.75,3.0,97.0,35.0,31.0,283.0,37.0,197.0,1.0
2023-04-18 13:06:00,75.0,84.85,74.37,73.68,8.0,95.0,35.0,31.0,79.0,53.0,198.0,1.0
2023-04-18 14:20:00,75.0,85.01,74.24,73.78,3.0,95.0,35.0,31.0,13.0,61.0,199.0,1.0
2023-04-18 15:22:00,75.0,85.01,74.29,73.66,3.0,95.0,35.0,31.0,17.0,61.0,200.0,1.0
2023-04-18 16:36:00,75.0,85.38,74.42,73.74,3.0,91.0,35.0,31.0,67.0,61.0,201.0,1.0
2023-04-18 18:10:00,75.0,86.15,74.51,73.8,3.0,86.0,35.0,31.0,127.0,61.0,202.0,1.0
2023-04-18 19:02:00,75.0,86.69,74.38,73.83,3.0,83.0,35.0,31.0,162.0,61.0,203.0,1.0
2023-04-18 20:05:00,75.0,87.43,74.39,73.88,3.0,80.0,35.0,31.0,205.0,61.0,204.0,1.0
2023-04-18 21:05:00,75.0,88.86,74.52,73.89,3.0,77.0,35.0,31.0,248.0,61.0,205.0,1.0
2023-04-18 21:58:00,75.0,90.16,74.52,73.83,5.0,74.0,35.0,31.0,281.0,61.0,206.0,1.0
2023-04-18 00:20:00,75.0,95.15,74.72,73.83,3.0,68.0,35.0,31.0,69.0,67.0,207.0,1.0
2023-04-18 01:20:00,75.0,97.8,75.25,73.9,5.0,66.0,35.0,31.0,97.0,67.0,208.0,1.0
2023-04-18 02:00:00,75.0,98.17,76.05,73.83,16.0,65.0,35.0,31.0,105.0,67.0,209.0,1.0
2023-04-18 03:00:00,75.0,98.49,79.91,73.91,2.0,64.0,49.0,31.0,109.0,67.0,210.0,1.0
2023-04-19 12:00:00,75.0,83.62,74.24,72.75,8.0,132.0,7.0,58.0,11.0,67.0,211.0,1.0
2023-04-19 14:00:00,75.0,83.51,74.37,73.71,8.0,129.0,7.0,61.0,11.0,67.0,212.0,1.0
2023-04-19 14:30:00,75.0,83.62,74.33,73.66,8.0,126.0,31.0,61.0,11.0,67.0,213.0,1.0
2023-04-19 15:00:00,75.0,83.67,74.43,73.86,5.0,123.0,39.0,61.0,33.0,69.0,214.0,1.0
2023-04-19 16:15:00,75.0,83.74,74.49,73.93,5.0,122.0,39.0,61.0,44.0,69.0,215.0,1.0
2023-04-19 17:09:00,75.0,83.86,74.38,73.83,5.0,119.0,39.0,61.0,69.0,69.0,216.0,1.0
2023-04-19 18:03:00,75.0,83.93,74.32,73.87,5.0,117.0,39.0,61.0,93.0,69.0,217.0,1.0
2023-04-19 19:59:00,75.0,84.33,74.39,73.89,3.0,111.0,39.0,61.0,167.0,67.0,218.0,1.0
2023-04-19 21:00:00,75.0,84.7,74.52,73.95,3.0,107.0,39.0,61.0,207.0,67.0,219.0,1.0
2023-04-19 22:03:00,75.0,85.08,74.51,73.96,3.0,103.0,39.0,61.0,254.0,67.0,220.0,1.0
2023-04-19 23:08:00,75.0,85.29,74.45,73.96,16.0,100.0,39.0,61.0,297.0,67.0,221.0,1.0
2023-04-20 00:12:00,75.0,85.55,74.46,73.96,3.0,97.0,39.0,61.0,21.0,77.0,222.0,1.0
2023-04-20 01:06:00,75.0,86.05,74.46,73.09,3.0,93.0,39.0,61.0,67.0,77.0,223.0,1.0
2023-04-20 02:00:00,75.0,86.44,74.52,73.91,3.0,90.0,39.0,61.0,95.0,77.0,224.0,1.0
2023-04-20 04:00:00,75.0,88.12,74.52,73.95,3.0,83.0,39.0,61.0,185.0,77.0,225.0,1.0
2023-04-20 05:00:00,75.0,89.22,74.58,73.95,3.0,81.0,39.0,61.0,227.0,77.0,226.0,1.0
2023-04-20 08:03:00,75.0,92.65,74.65,73.94,5.0,75.0,39.0,58.0,51.0,77.0,227.0,1.0
2023-04-20 10:01:00,75.0,96.28,74.91,73.93,5.0,71.0,39.0,58.0,105.0,77.0,228.0,1.0
2023-04-20 06:00:00,73.0,82.21,74.33,72.57,10.0,124.0,7.0,198.0,11.0,77.0,229.0,1.0
2023-04-20 07:00:00,73.0,83.27,74.32,73.26,10.0,123.0,7.0,200.0,11.0,77.0,230.0,1.0
2023-04-20 08:55:00,73.0,83.43,74.32,73.77,8.0,120.0,7.0,198.0,11.0,77.0,231.0,1.0
2023-04-20 09:40:00,73.0,83.49,74.32,73.83,8.0,118.0,7.0,200.0,11.0,77.0,232.0,1.0
2023-04-20 10:00:00,73.0,83.58,74.32,73.89,8.0,117.0,7.0,7.0,11.0,77.0,233.0,1.0
2023-04-20 10:45:00,73.0,83.58,74.25,73.89,5.0,117.0,7.0,7.0,11.0,77.0,234.0,1.0
2023-04-20 12:08:00,74.0,83.86,74.38,73.92,3.0,112.0,7.0,7.0,60.0,77.0,235.0,1.0
2023-04-20 13:06:00,75.0,84.01,74.32,73.92,3.0,109.0,7.0,7.0,97.0,77.0,236.0,1.0
2023-04-20 14:00:00,75.0,84.27,74.38,73.81,2.0,104.2,7.0,7.0,142.0,77.0,237.0,1.0
2023-04-20 15:00:00,75.0,84.96,74.38,73.82,2.0,98.0,7.0,7.0,223.0,77.0,238.0,1.0
2023-04-20 16:20:00,75.0,85.27,74.38,73.87,2.0,94.0,55.0,7.0,265.0,77.0,239.0,1.0
2023-04-20 17:20:00,75.0,85.61,74.28,73.91,2.0,92.0,55.0,7.0,173.0,81.0,240.0,1.0
2023-04-20 18:12:00,75.0,86.11,74.39,73.86,2.0,89.0,55.0,7.0,47.0,85.0,241.0,1.0
2023-04-20 20:00:00,75.0,88.08,74.41,73.89,2.0,79.0,55.0,7.0,151.0,85.0,242.0,1.0
2023-04-20 22:30:00,75.0,94.47,74.46,73.82,2.0,70.0,55.0,7.0,2754.0,85.0,243.0,1.0
2023-04-20 23:00:00,75.0,95.39,74.39,74.09,2.0,69.0,55.0,7.0,19.0,89.0,244.0,1.0
2023-04-21 00:00:00,75.0,98.0,74.46,73.8,12.0,68.0,55.0,7.0,31.0,89.0,245.0,1.0
2023-04-21 01:06:00,75.0,99.13,74.73,73.8,12.0,67.0,55.0,7.0,47.0,89.0,246.0,1.0
2023-04-21 01:57:00,75.0,99.69,76.86,73.77,2.0,66.0,55.0,7.0,59.0,89.0,247.0,1.0
2023-04-21 06:05:00,75.0,82.14,73.99,72.43,8.0,129.0,7.0,7.0,60.0,89.0,248.0,1.0
2023-04-21 07:00:00,75.0,82.25,74.06,73.09,8.0,127.0,7.0,7.0,60.0,89.0,249.0,1.0
2023-04-21 08:24:00,75.0,82.38,74.05,73.39,8.0,127.0,23.0,7.0,60.0,89.0,250.0,1.0
2023-04-21 09:27:00,75.0,82.47,74.11,73.51,3.0,123.0,39.0,7.0,69.0,89.0,251.0,1.0
2023-04-21 10:00:00,76.0,82.68,74.04,73.48,2.0,118.0,39.0,7.0,107.0,89.0,252.0,1.0
2023-04-21 11:00:00,76.0,82.69,74.04,73.48,2.0,117.0,39.0,7.0,133.0,89.0,253.0,1.0
2023-04-21 12:00:00,76.0,82.96,74.11,73.52,2.0,114.0,39.0,7.0,170.0,89.0,254.0,1.0
2023-04-21 12:45:00,76.0,83.06,74.1,73.64,8.0,112.0,39.0,7.0,205.0,89.0,255.0,1.0
2023-04-21 14:00:00,76.0,83.25,74.04,73.63,2.0,108.0,39.0,7.0,252.0,89.0,256.0,1.0
2023-04-21 15:00:00,76.0,83.57,74.11,73.63,8.0,104.0,39.0,7.0,303.0,89.0,257.0,1.0
2023-04-21 16:25:00,76.0,83.77,74.17,73.65,2.0,101.0,39.0,7.0,31.0,105.0,258.0,1.0
2023-04-21 18:05:00,76.0,84.48,74.17,73.72,2.0,94.0,39.0,7.0,115.0,105.0,259.0,1.0
2023-04-21 19:03:00,76.0,84.97,74.11,73.65,2.0,91.0,39.0,7.0,163.0,105.0,260.0,1.0
2023-04-21 21:03:00,76.0,86.37,74.12,73.74,2.0,83.0,39.0,7.0,257.0,105.0,261.0,1.0
2023-04-21 23:00:00,76.0,87.85,74.11,73.74,2.0,79.0,39.0,7.0,39.0,109.0,262.0,1.0
2023-04-22 00:03:00,76.0,90.02,74.19,73.74,2.0,74.0,39.0,7.0,97.0,109.0,263.0,1.0
2023-04-22 01:03:00,76.0,93.77,74.25,73.67,2.0,71.0,39.0,7.0,145.0,109.0,264.0,1.0
2023-04-22 04:00:00,76.0,100.49,99.94,76.89,2.0,66.0,111.0,7.0,195.0,109.0,265.0,1.0
2023-04-23 00:16:00,70.0,82.32,74.13,72.35,8.0,125.0,7.0,17.0,11.0,109.0,266.0,1.0
2023-04-23 00:59:00,70.0,82.36,74.12,72.88,8.0,124.0,7.0,17.0,11.0,109.0,267.0,1.0
2023-04-23 02:04:00,70.0,82.44,74.12,73.35,8.0,123.0,11.0,17.0,11.0,109.0,268.0,1.0
2023-04-23 02:59:00,70.0,82.51,74.14,73.55,8.0,122.0,27.0,17.0,11.0,109.0,269.0,1.0
2023-04-23 04:02:00,70.0,82.54,74.12,73.64,8.0,121.0,45.0,17.0,11.0,109.0,270.0,1.0
2023-04-23 05:00:00,70.0,82.64,74.11,73.77,5.0,119.0,53.0,17.0,23.0,109.0,271.0,1.0
2023-04-23 07:02:00,70.0,82.97,74.11,73.8,3.0,114.0,53.0,17.0,81.0,109.0,272.0,1.0
2023-04-23 08:40:00,73.0,83.3,74.24,73.79,2.0,108.0,53.0,17.0,155.0,109.0,273.0,1.0
2023-04-23 09:00:00,73.0,83.38,74.12,73.71,2.0,106.0,53.0,17.0,173.0,109.0,274.0,1.0
2023-04-23 10:13:00,73.0,83.82,74.24,73.71,2.0,101.0,53.0,17.0,223.0,109.0,275.0,1.0
2023-04-23 11:16:00,73.0,0.0,0.0,73.63,2.0,97.0,53.0,17.0,273.0,109.0,276.0,1.0
2023-04-23 12:10:00,73.0,84.27,74.23,73.65,8.0,95.0,53.0,17.0,293.0,111.0,277.0,1.0
2023-04-23 13:06:00,73.0,84.53,74.27,73.74,3.0,93.0,53.0,17.0,35.0,117.0,278.0,1.0
2023-04-23 14:20:00,73.0,85.02,74.05,73.74,3.0,89.0,53.0,17.0,83.0,117.0,279.0,1.0
2023-04-23 15:15:00,73.0,85.5,74.17,73.75,2.0,87.0,53.0,17.0,123.3,119.0,280.0,1.0
2023-04-23 16:12:00,75.0,86.41,74.44,73.69,2.0,81.0,53.0,17.0,173.0,119.0,281.0,1.0
2023-04-23 17:06:00,75.0,87.58,74.3,73.75,2.0,77.0,53.0,17.0,219.0,119.0,282.0,1.0
2023-04-23 18:25:00,75.0,90.45,74.25,73.79,2.0,73.0,53.0,17.0,283.2,119.0,283.0,1.0
2023-04-23 19:00:00,75.0,92.19,74.25,73.74,8.0,72.0,53.0,17.0,293.1,123.0,284.0,1.0
2023-04-23 20:00:00,75.0,94.19,74.25,73.77,2.0,71.0,53.0,17.0,25.0,136.0,285.0,1.0
2023-04-23 20:55:00,75.0,99.12,74.99,73.76,8.0,68.0,53.0,17.0,71.0,136.0,286.0,1.0
2023-04-25 21:00:00,73.0,82.34,74.18,73.35,8.0,127.0,7.0,35.0,73.0,137.0,287.0,1.0
2023-04-25 22:00:00,73.0,82.43,74.18,73.61,8.0,126.0,22.0,35.0,73.0,137.0,288.0,1.0
2023-04-25 23:00:00,73.0,82.54,74.19,73.67,8.0,124.0,43.0,35.0,73.0,137.0,289.0,1.0
2023-04-26 00:12:00,73.0,82.71,74.24,73.67,8.0,122.0,65.0,35.0,73.0,137.0,290.0,1.0
2023-04-26 01:59:00,73.0,82.82,74.25,73.75,3.0,118.0,71.0,35.0,123.0,137.0,291.0,1.0
2023-04-26 03:59:00,73.0,83.13,74.11,73.75,3.0,112.0,71.0,35.0,199.0,137.0,292.0,1.0
2023-04-26 04:54:00,73.0,83.29,74.18,73.75,5.0,110.0,71.0,35.0,213.0,149.0,293.0,1.0
2023-04-26 06:07:00,74.0,83.56,74.18,73.79,5.0,106.0,71.0,35.0,213.0,185.0,294.0,1.0
2023-04-26 07:04:00,74.0,83.78,74.18,73.73,5.0,104.0,71.0,35.0,213.0,211.0,295.0,1.0
2023-04-26 08:17:00,74.0,84.05,74.31,73.78,3.0,100.0,71.0,35.0,233.0,238.0,296.0,1.0
2023-04-26 09:30:00,74.0,84.37,74.18,73.69,8.0,96.0,71.0,35.0,279.0,238.0,297.0,1.0
2023-04-26 12:14:00,74.0,85.33,74.26,73.66,3.0,89.0,71.0,35.0,89.0,248.0,298.0,1.0
2023-04-26 13:17:00,74.0,85.9,74.18,73.67,2.0,85.0,71.0,35.0,137.0,248.0,299.0,1.0
2023-04-26 15:17:00,74.0,87.91,74.23,73.7,2.0,77.0,71.0,35.0,231.0,250.0,300.0,1.0
2023-04-26 16:07:00,74.0,89.27,74.44,73.66,2.0,74.0,71.0,35.0,271.0,250.0,301.0,1.0
2023-04-26 17:08:00,74.0,91.32,74.32,73.79,0.0,73.0,71.0,35.0,169.0,248.0,302.0,1.0
2023-04-26 17:50:00,74.0,91.94,74.93,73.73,4.0,73.0,71.0,35.0,21.0,248.0,303.0,1.0
2023-04-26 18:59:00,74.0,95.51,74.12,73.77,3.0,70.0,71.0,35.0,61.0,246.0,304.0,1.0
2023-04-26 20:00:00,74.0,98.6,74.97,73.77,3.0,69.0,71.0,35.0,93.0,246.0,305.0,1.0
2023-04-26 20:54:00,74.0,100.06,76.72,73.62,2.0,68.0,71.0,35.0,107.0,244.0,306.0,1.0
2023-04-26 22:00:00,74.0,100.06,99.07,76.02,2.0,66.0,125.0,35.0,107.0,246.0,307.0,1.0
2023-04-27 18:04:00,72.0,82.33,74.31,73.38,8.0,126.0,6.0,65.0,109.0,11.0,308.0,1.0
2023-04-27 19:09:00,72.0,82.42,74.26,73.6,8.0,124.0,18.0,65.0,109.0,11.0,309.0,1.0
2023-04-27 20:00:00,72.0,82.43,74.19,73.6,8.0,123.0,33.0,65.0,109.0,11.0,310.0,1.0
2023-04-27 21:00:00,73.0,82.52,74.19,73.8,8.0,122.0,53.0,65.0,109.0,11.0,311.0,1.0
2023-04-27 22:00:00,73.0,82.63,74.33,73.87,5.0,120.0,55.0,65.0,131.0,11.0,312.0,1.0
2023-04-27 23:00:00,73.0,82.82,74.26,73.87,3.0,117.0,55.0,64.0,165.0,11.0,313.0,1.0
2023-04-28 00:10:00,73.0,82.99,74.37,73.81,2.0,112.0,55.0,64.0,213.0,106.0,314.0,1.0
2023-04-28 01:23:00,73.0,83.47,74.19,73.76,2.0,108.0,55.0,64.0,273.0,106.0,315.0,1.0
2023-04-28 02:25:00,73.0,83.47,74.25,73.76,5.0,104.0,55.0,64.0,11.0,30.0,316.0,1.0
2023-04-28 03:30:00,73.0,83.7,74.25,73.82,5.0,102.0,55.0,64.0,11.0,60.0,317.0,1.0
2023-04-28 04:47:00,73.0,83.86,74.38,73.82,4.0,100.0,55.0,64.0,15.0,91.0,318.0,1.0
2023-04-28 05:20:00,73.0,84.02,74.25,73.89,2.0,98.0,55.0,64.0,25.0,105.0,319.0,1.0
2023-04-28 07:08:00,73.0,84.91,74.32,73.79,2.0,90.0,55.0,64.0,112.0,105.0,320.0,1.0
2023-04-28 08:00:00,73.0,85.3,74.32,73.83,2.0,87.0,55.0,65.0,156.0,105.0,321.0,1.0
2023-04-28 09:17:00,75.0,86.44,74.38,73.75,2.0,82.0,55.0,65.0,225.0,105.0,322.0,1.0
2023-04-28 10:11:00,75.0,87.27,74.33,73.75,2.0,79.0,55.0,65.0,267.0,105.0,323.0,1.0
2023-04-28 10:50:00,75.0,88.05,74.91,74.27,2.0,77.0,55.0,65.0,10.0,117.0,324.0,1.0
2023-04-28 12:40:00,75.0,93.3,74.18,73.8,2.0,70.0,55.0,65.0,99.0,119.0,325.0,1.0
2023-04-28 14:06:00,75.0,98.57,74.51,73.75,8.0,68.0,55.0,65.0,149.0,119.0,326.0,1.0
2023-04-28 15:03:00,75.0,99.89,76.11,73.78,1.0,65.0,55.0,65.0,162.0,119.0,327.0,1.0
2023-04-29 00:37:00,73.0,82.34,74.26,74.26,8.0,126.0,13.0,81.0,11.0,117.0,328.0,1.0
2023-04-29 01:16:00,73.0,82.43,74.26,73.62,8.0,125.0,24.0,81.0,11.0,117.0,329.0,1.0
2023-04-29 02:12:00,74.0,82.48,74.19,73.68,8.0,124.0,43.0,82.0,11.0,117.0,330.0,1.0
2023-04-29 03:08:00,74.0,82.58,74.26,73.68,6.0,122.0,55.0,82.0,17.0,117.0,331.0,1.0
2023-04-29 04:00:00,74.0,82.62,74.19,73.68,6.0,120.0,55.0,82.0,35.0,117.0,332.0,1.0
2023-04-29 05:10:00,74.0,82.71,74.25,73.75,3.0,118.0,55.0,82.0,73.0,117.0,333.0,1.0
2023-04-29 06:05:00,74.0,82.87,74.26,73.75,3.0,115.0,55.0,82.0,111.0,117.0,334.0,1.0
2023-04-29 07:00:00,74.0,83.09,0.0,73.75,3.0,111.0,55.0,82.0,149.0,117.0,335.0,1.0
2023-04-29 08:17:00,75.0,83.4,74.25,73.74,2.0,106.0,55.0,82.0,213.0,117.0,336.0,1.0
2023-04-29 10:05:00,75.0,83.79,74.19,73.74,5.0,100.0,55.0,83.0,256.0,147.0,337.0,1.0
2023-04-29 11:00:00,75.0,83.96,74.19,73.61,5.0,98.0,55.0,83.0,256.0,173.0,338.0,1.0
2023-04-29 12:00:00,75.0,84.17,74.12,73.73,6.0,96.0,55.0,83.0,256.0,201.0,339.0,1.0
2023-04-29 13:01:00,75.0,84.49,74.12,73.66,3.0,93.0,55.0,83.0,270.0,217.0,340.0,1.0
2023-04-29 13:30:00,75.0,84.65,74.18,73.65,6.0,92.0,55.0,83.0,299.0,219.0,341.0,1.0
2023-04-29 15:06:00,75.0,85.12,74.11,73.57,2.0,88.0,55.0,83.0,35.0,233.0,342.0,1.0
2023-04-29 15:59:00,75.0,85.57,74.05,73.58,3.0,85.0,55.0,83.0,71.0,233.0,343.0,1.0
2023-04-29 17:02:00,75.0,86.33,74.06,73.57,6.0,81.0,55.0,83.0,111.0,233.0,344.0,1.0
2023-04-29 17:15:00,75.0,86.39,74.12,73.57,6.0,81.0,55.0,83.0,117.0,233.0,345.0,1.0
2023-04-29 18:08:00,75.0,87.06,74.12,73.58,6.0,80.0,55.0,83.0,142.0,11.0,346.0,1.0
2023-04-29 19:00:00,75.0,87.94,74.12,73.58,3.0,77.0,55.0,83.0,175.0,11.0,347.0,1.0
2023-04-29 21:01:00,75.0,92.7,74.19,73.66,3.0,72.0,55.0,83.0,256.0,11.0,348.0,1.0
2023-04-29 22:03:00,75.0,96.63,74.25,73.66,3.0,70.0,55.0,83.0,285.0,11.0,349.0,1.0
2023-04-30 00:12:00,75.0,100.25,74.77,73.58,8.0,69.0,55.0,83.0,35.0,12.0,350.0,1.0
2023-05-01 15:02:00,75.0,82.31,74.05,72.62,8.0,126.0,6.0,103.0,39.0,13.0,351.0,1.0
2023-05-01 16:01:00,75.0,82.43,74.04,73.38,8.0,124.0,7.0,103.0,39.0,13.0,352.0,1.0
2023-05-01 17:03:00,75.0,82.55,74.18,73.46,8.0,122.0,29.0,103.0,39.0,13.0,353.0,1.0
2023-05-01 18:05:00,75.0,82.66,74.11,73.54,8.0,120.0,51.0,103.0,39.0,13.0,354.0,1.0
2023-05-01 21:02:00,73.0,83.13,74.05,73.65,3.0,112.0,57.0,103.0,139.0,13.0,355.0,1.0
2023-05-01 23:00:00,73.0,83.58,74.12,73.65,3.0,105.0,57.0,103.0,219.0,13.0,356.0,1.0
2023-05-02 00:05:00,73.0,83.89,74.12,73.65,6.0,101.0,57.0,103.0,265.0,13.0,357.0,1.0
2023-05-02 01:00:00,73.0,84.16,74.15,73.71,0.0,100.0,57.0,103.0,11.0,13.0,358.0,1.0
2023-05-02 02:00:00,73.0,84.33,74.1,73.65,3.0,97.0,57.0,103.0,51.0,13.0,359.0,1.0
2023-05-02 03:00:00,73.0,84.72,74.12,73.66,3.0,93.0,57.0,103.0,91.0,13.0,360.0,1.0
2023-05-02 05:06:00,73.0,86.63,74.11,73.59,2.0,86.0,57.0,103.0,187.0,13.0,361.0,1.0
2023-05-02 07:00:00,73.0,87.72,74.18,73.56,2.0,77.0,57.0,102.0,279.0,13.0,362.0,1.0
2023-05-02 07:33:00,73.0,88.62,74.25,73.56,0.0,75.0,57.0,102.0,299.0,13.0,363.0,1.0
2023-05-02 08:51:00,75.0,89.04,74.19,73.59,3.0,76.0,57.0,102.0,23.0,13.0,364.0,1.0
2023-05-02 10:07:00,75.0,91.5,74.18,73.53,3.0,73.0,57.0,103.0,69.0,13.0,365.0,1.0
2023-05-02 11:00:00,75.0,94.37,74.24,73.55,3.0,70.0,57.0,103.0,99.0,13.0,366.0,1.0
2023-05-02 12:00:00,75.0,98.49,74.44,73.6,8.0,69.0,57.0,103.0,129.0,13.0,367.0,1.0
2023-05-02 13:01:00,75.0,99.85,74.85,73.62,8.0,68.0,57.0,103.0,148.0,13.0,368.0,1.0
2023-05-02 14:07:00,75.0,100.42,92.5,74.4,1.0,68.0,95.0,103.0,156.0,13.0,369.0,1.0
2023-05-03 16:15:00,73.0,82.64,74.44,73.26,8.0,127.0,7.0,123.0,11.0,11.0,370.0,1.0
2023-05-03 17:00:00,73.0,82.8,74.38,73.56,8.0,125.0,18.0,123.0,11.0,11.0,371.0,1.0
2023-05-03 18:00:00,73.0,82.85,74.38,73.7,8.0,123.0,33.0,123.0,11.0,11.0,372.0,1.0
2023-05-03 19:00:00,73.0,82.91,74.38,73.84,6.0,121.0,53.0,123.0,11.0,11.0,373.0,1.0
2023-05-03 21:20:00,70.0,83.29,74.51,74.07,3.0,115.0,53.0,123.0,85.0,11.0,374.0,1.0
2023-05-03 22:00:00,75.0,83.47,74.51,74.07,3.0,113.0,53.0,123.0,111.0,11.0,375.0,1.0
2023-05-03 23:00:00,75.0,83.64,74.58,74.08,2.0,108.0,53.0,123.0,161.0,11.0,376.0,1.0
2023-05-04 00:03:00,75.0,83.92,74.5,74.02,2.0,103.0,53.0,123.0,219.0,11.0,377.0,1.0
2023-05-04 00:56:00,75.0,84.24,74.51,74.09,5.0,99.0,53.0,123.0,265.0,11.0,378.0,1.0
2023-05-04 01:12:00,75.0,84.35,74.52,74.02,5.0,98.0,53.0,123.0,273.0,11.0,379.0,1.0
2023-05-04 03:00:00,75.0,84.97,74.51,73.96,2.0,91.0,53.0,123.0,63.0,20.0,380.0,1.0
2023-05-04 04:00:00,75.0,85.51,74.51,73.93,2.0,87.0,53.0,123.0,113.0,20.0,381.0,1.0
2023-05-04 06:01:00,75.0,87.39,74.51,74.08,2.0,77.0,53.0,122.0,231.0,20.0,382.0,1.0
2023-05-04 07:00:00,75.0,88.78,74.59,74.07,2.0,73.0,53.0,122.0,279.0,20.0,383.0,1.0
2023-05-04 07:20:00,75.0,89.4,74.38,74.06,8.0,72.0,53.0,122.0,81.0,26.0,384.0,1.0
2023-05-04 08:12:00,75.0,90.76,74.57,73.97,4.0,71.0,53.0,123.0,35.0,31.0,385.0,1.0
2023-05-04 09:05:00,75.0,92.48,74.51,74.02,4.0,69.0,53.0,123.0,61.0,31.0,386.0,1.0
2023-05-04 10:04:00,75.0,95.06,74.58,74.0,4.0,68.0,53.0,123.0,91.0,31.0,387.0,1.0
2023-05-04 11:10:00,75.0,98.69,74.77,74.09,8.0,68.0,53.0,123.0,121.0,31.0,388.0,1.0
2023-05-04 12:00:00,75.0,100.12,75.11,74.1,1.0,67.0,53.0,123.0,133.0,31.0,389.0,1.0
2023-05-05 04:00:00,70.0,83.01,74.46,73.52,8.0,120.0,6.0,145.0,11.0,30.0,390.0,1.0
2023-05-05 05:00:00,70.0,83.04,74.69,73.79,8.0,119.0,10.0,145.0,11.0,30.0,391.0,1.0
2023-05-05 06:00:00,70.0,83.18,74.55,73.96,8.0,118.0,25.0,145.0,11.0,30.0,392.0,1.0
2023-05-05 08:20:00,70.0,83.38,74.46,74.06,8.0,114.0,65.0,145.0,11.0,30.0,393.0,1.0
2023-05-05 10:15:00,75.0,83.78,74.52,74.04,2.0,108.0,65.0,146.0,79.0,31.0,394.0,1.0
2023-05-05 12:23:00,75.0,84.49,74.59,73.96,2.0,100.0,65.0,147.0,182.0,31.0,395.0,1.0
2023-05-05 14:01:00,75.0,85.2,74.62,74.02,2.0,94.0,65.0,146.0,260.0,31.0,396.0,1.0
2023-05-05 16:08:00,75.0,86.11,74.65,74.0,2.0,87.0,67.0,146.0,41.0,44.0,397.0,1.0
2023-05-05 18:08:00,75.0,88.11,74.52,73.98,2.0,79.0,67.0,146.0,135.0,44.0,398.0,1.0
2023-05-05 19:00:00,75.0,88.9,74.53,74.06,3.0,78.0,67.0,146.0,161.0,44.0,399.0,1.0
2023-05-05 20:00:00,75.0,91.14,74.6,74.1,5.0,76.0,65.0,146.0,193.0,44.0,400.0,1.0
2023-05-05 21:00:00,75.0,93.13,74.46,74.1,5.0,74.0,65.0,146.0,219.0,44.0,401.0,1.0
2023-05-05 22:00:00,75.0,96.11,74.6,74.11,4.0,72.0,65.0,146.0,251.0,44.0,402.0,1.0
2023-05-05 23:00:00,75.0,99.18,75.13,74.12,6.0,70.0,65.0,146.0,279.0,44.0,403.0,1.0
2023-05-05 23:42:00,75.0,100.19,77.19,74.12,1.0,69.0,67.0,146.0,291.0,44.0,404.0,1.0
2023-05-07 12:30:00,75.0,82.29,75.31,71.41,8.0,130.0,7.0,151.0,11.0,45.0,405.0,1.0
2023-05-07 15:00:00,70.0,82.47,74.32,73.57,8.0,126.0,7.0,170.0,11.0,45.0,406.0,1.0
2023-05-07 16:00:00,70.0,82.54,74.45,73.74,8.0,125.0,20.0,170.0,11.0,45.0,407.0,1.0
2023-05-07 17:00:00,70.0,82.57,74.45,73.81,8.0,123.0,36.0,170.0,11.0,45.0,408.0,1.0
2023-05-07 18:00:00,70.0,82.79,74.4,73.92,8.0,122.0,55.0,170.0,11.0,45.0,409.0,1.0
2023-05-07 19:00:00,73.0,82.82,74.4,74.0,5.0,120.0,61.0,170.0,29.0,45.0,410.0,1.0
2023-05-07 20:00:00,75.0,83.03,74.45,74.03,5.0,117.0,61.0,170.0,67.0,45.0,411.0,1.0
2023-05-07 20:54:00,75.0,83.19,74.47,74.04,2.0,114.0,61.0,170.0,97.0,44.0,412.0,1.0
2023-05-07 21:57:00,75.0,83.38,74.46,74.1,2.0,110.0,61.0,168.0,147.0,44.0,413.0,1.0
2023-05-07 23:00:00,75.0,83.7,74.53,74.11,2.0,106.0,61.0,168.0,197.0,44.0,414.0,1.0
2023-05-08 00:03:00,75.0,84.03,74.46,74.11,2.0,101.0,61.0,168.0,248.0,44.0,415.0,1.0
2023-05-08 01:05:00,75.0,84.4,74.47,74.11,0.0,98.0,61.0,168.0,299.0,45.0,416.0,1.0
2023-05-08 01:59:00,75.0,84.42,74.4,74.05,3.0,97.0,61.0,7.0,25.0,45.0,417.0,1.0
2023-05-08 02:58:00,75.0,84.84,74.46,74.12,2.0,93.0,61.0,7.0,71.0,45.0,418.0,1.0
2023-05-08 03:58:00,75.0,85.42,74.53,74.12,2.0,88.0,61.0,7.0,119.0,45.0,419.0,1.0
2023-05-08 04:56:00,75.0,85.96,74.53,74.12,2.0,85.0,61.0,7.0,166.0,45.0,420.0,1.0
2023-05-08 06:00:00,75.0,86.72,74.46,74.11,3.0,82.0,60.0,7.0,205.0,45.0,421.0,1.0
2023-05-08 07:04:00,75.0,87.73,74.53,74.07,3.0,79.0,60.0,7.0,246.0,45.0,422.0,1.0
2023-05-08 08:16:00,75.0,89.12,74.48,74.06,3.0,77.0,59.0,7.0,287.0,45.0,423.0,1.0
2023-05-08 10:00:00,75.0,91.43,74.52,74.03,3.0,74.0,59.0,7.0,37.0,50.0,424.0,1.0
2023-05-08 11:00:00,75.0,92.98,74.45,74.01,5.0,73.0,59.0,7.0,57.0,50.0,425.0,1.0
2023-05-08 12:00:00,75.0,95.48,74.66,73.98,8.0,72.0,59.0,7.0,83.0,52.0,426.0,1.0
2023-05-08 13:00:00,75.0,97.26,74.59,73.98,8.0,71.0,61.0,7.0,97.0,52.0,427.0,1.0
2023-05-08 14:00:00,75.0,99.22,74.86,73.99,8.0,70.0,61.0,7.0,111.0,52.0,428.0,1.0
2023-05-08 15:00:00,75.0,100.1,76.32,73.96,1.0,70.0,71.0,7.0,123.0,52.0,429.0,1.0
2023-05-08 16:00:00,75.0,100.66,96.89,76.49,1.0,68.0,115.0,7.0,123.0,52.0,430.0,1.0
2023-05-09 14:00:00,73.0,82.45,74.87,72.2,8.0,129.0,7.0,7.0,123.0,53.0,431.0,1.0
2023-05-09 16:04:00,75.0,82.61,74.53,73.65,8.0,125.0,12.0,7.0,123.0,53.0,432.0,1.0
2023-05-09 17:56:00,75.0,82.71,74.47,73.94,8.0,122.0,45.0,7.0,123.0,53.0,433.0,1.0
2023-05-09 19:00:00,78.0,82.83,74.41,73.96,8.0,120.0,63.0,7.0,123.0,53.0,434.0,1.0
2023-05-09 21:00:00,78.0,83.03,74.54,74.03,5.0,115.0,69.0,7.0,165.0,53.0,435.0,1.0
2023-05-09 21:58:00,78.0,83.15,74.47,74.01,2.0,112.0,69.0,7.0,207.0,53.0,436.0,1.0
2023-05-09 23:02:00,78.0,83.35,74.47,73.97,4.0,108.0,69.0,7.0,251.0,53.0,437.0,1.0
2023-05-10 00:12:00,78.0,83.5,74.41,73.98,4.0,105.0,69.0,7.0,283.0,53.0,438.0,1.0
2023-05-10 00:47:00,78.0,83.52,74.35,74.05,8.0,104.0,69.0,7.0,275.0,53.0,439.0,1.0
2023-05-10 02:11:00,78.0,83.75,74.41,73.97,3.0,101.0,69.0,7.0,43.0,61.0,440.0,1.0
2023-05-10 03:02:00,78.0,83.96,74.41,73.97,3.0,98.0,69.0,7.0,75.0,61.0,441.0,1.0
2023-05-10 04:07:00,78.0,84.3,74.47,73.98,2.0,94.0,69.0,7.0,121.0,61.0,442.0,1.0
2023-05-10 06:04:00,78.0,85.11,74.41,73.97,2.0,86.0,69.0,7.0,209.0,61.0,443.0,1.0
2023-05-10 06:58:00,78.0,85.65,74.41,73.96,2.0,83.0,69.0,7.0,252.0,61.0,444.0,1.0
2023-05-10 08:11:00,78.0,86.12,74.33,73.95,5.0,81.0,69.0,7.0,285.0,61.0,445.0,1.0
2023-05-10 09:27:00,78.0,86.57,74.27,73.88,3.0,79.0,69.0,7.0,17.0,69.0,446.0,1.0
2023-05-10 10:20:00,78.0,87.28,74.34,73.88,3.0,77.0,69.0,7.0,47.0,69.0,447.0,1.0
2023-05-10 12:00:00,77.0,89.39,74.4,73.83,3.0,72.0,69.0,7.0,106.0,69.0,448.0,1.0
2023-05-10 13:00:00,77.0,91.74,74.4,73.88,4.0,70.0,69.0,7.0,140.0,69.0,449.0,1.0
2023-05-10 15:00:00,78.0,97.23,74.46,73.8,6.0,67.0,69.0,7.0,191.0,69.0,450.0,1.0
2023-05-10 16:00:00,78.0,99.39,74.67,73.82,8.0,67.0,69.0,7.0,209.0,69.0,451.0,1.0
2023-05-10 17:51:00,78.0,100.66,99.97,79.68,1.0,63.0,143.0,7.0,217.0,69.0,452.0,1.0
2023-05-11 16:50:00,70.0,82.1,74.46,71.43,8.0,131.0,7.0,7.0,11.0,69.0,453.0,1.0
2023-05-11 17:57:00,73.0,82.2,74.33,72.7,8.0,129.0,7.0,7.0,11.0,69.0,454.0,1.0
2023-05-11 18:58:00,73.0,82.31,74.33,73.38,8.0,127.0,13.0,7.0,11.0,69.0,455.0,1.0
2023-05-11 19:57:00,75.0,82.47,74.27,73.72,8.0,126.0,29.0,7.0,11.0,69.0,456.0,1.0
2023-05-11 21:03:00,75.0,82.61,74.27,73.85,8.0,124.0,49.0,7.0,11.0,69.0,457.0,1.0
2023-05-11 21:59:00,75.0,82.65,74.27,73.85,8.0,123.0,67.0,7.0,11.0,69.0,458.0,1.0
2023-05-11 22:58:00,75.0,82.77,74.33,73.93,8.0,122.0,73.0,7.0,21.0,69.0,459.0,1.0
2023-05-12 00:20:00,75.0,82.85,74.33,73.93,6.0,119.0,73.0,7.0,47.0,69.0,460.0,1.0
2023-05-12 01:07:00,75.0,82.89,74.33,73.85,4.0,118.0,73.0,7.0,65.0,69.0,461.0,1.0
2023-05-12 02:00:00,75.0,83.03,74.33,73.93,2.0,115.0,73.0,7.0,99.0,69.0,462.0,1.0
2023-05-12 03:15:00,75.0,83.29,74.33,73.92,2.0,110.0,73.0,7.0,155.0,69.0,463.0,1.0
2023-05-12 04:05:00,75.0,83.49,74.4,73.92,2.0,107.0,73.0,7.0,195.0,69.0,464.0,1.0
2023-05-12 05:00:00,75.0,83.74,74.4,73.92,2.0,103.0,73.0,7.0,237.0,69.0,465.0,1.0
2023-05-12 06:17:00,75.0,84.1,74.39,73.97,3.0,99.0,73.0,7.0,293.0,69.0,466.0,1.0
2023-05-12 07:09:00,75.0,84.23,74.39,73.96,3.0,98.0,73.0,7.0,25.0,69.0,467.0,1.0
2023-05-12 08:10:00,77.0,84.56,74.39,73.98,0.0,95.0,73.0,7.0,61.0,69.0,468.0,1.0
2023-05-12 09:00:00,77.0,84.83,74.46,73.93,3.0,92.0,73.0,7.0,89.0,69.0,469.0,1.0
2023-05-12 11:00:00,78.0,86.31,74.38,73.87,2.0,83.0,73.0,7.0,175.0,69.0,470.0,1.0
2023-05-12 12:07:00,78.0,86.67,74.46,73.93,2.0,82.0,73.0,7.0,223.0,69.0,471.0,1.0
2023-05-12 13:03:00,78.0,87.37,74.45,73.91,3.0,79.0,73.0,7.0,257.0,69.0,472.0,1.0
2023-05-12 14:03:00,80.0,88.0,74.38,73.87,4.0,77.0,73.0,7.0,283.0,69.0,473.0,1.0
2023-05-12 15:58:00,78.0,89.8,74.45,73.95,4.0,75.0,75.0,7.0,49.0,69.0,474.0,1.0
2023-05-12 17:04:00,78.0,92.07,74.39,73.87,4.0,73.0,75.0,7.0,79.0,69.0,475.0,1.0
2023-05-12 17:58:00,78.0,94.4,74.39,73.89,4.0,72.0,73.0,7.0,105.0,69.0,476.0,1.0
2023-05-12 18:57:00,78.0,96.81,74.53,73.91,8.0,71.0,73.0,7.0,123.0,69.0,477.0,1.0
2023-05-12 20:59:00,78.0,100.3,75.73,73.98,8.0,70.0,73.0,7.0,160.0,69.0,478.0,1.0
2023-05-12 22:01:00,78.0,100.7,95.96,75.85,1.0,69.0,121.0,7.0,160.0,69.0,479.0,1.0
2023-05-13 11:00:00,73.0,82.74,74.25,71.5,8.0,127.0,6.0,25.0,11.0,69.0,480.0,1.0
2023-05-13 12:06:00,75.0,82.9,74.46,73.23,8.0,125.0,6.0,25.0,11.0,69.0,481.0,1.0
2023-05-13 13:25:00,75.0,82.96,74.38,73.7,8.0,123.0,46.0,24.7,11.0,69.0,482.0,1.0
2023-05-13 15:00:00,75.0,83.08,74.38,73.95,8.0,121.0,73.0,25.0,11.0,69.0,483.0,1.0
2023-05-13 16:04:00,75.0,83.2,74.5,73.93,5.0,120.0,81.0,25.0,25.0,69.0,484.0,1.0
2023-05-13 18:03:00,75.0,83.49,74.39,73.96,3.0,113.0,81.0,25.0,93.0,69.0,485.0,1.0
2023-05-13 18:58:00,75.0,83.74,74.46,74.04,3.0,111.0,81.0,25.0,127.0,69.0,486.0,1.0
2023-05-13 20:00:00,77.0,83.95,74.46,74.05,5.0,108.0,81.0,25.0,162.0,69.0,487.0,1.0
2023-05-13 20:57:00,77.0,84.14,74.46,74.05,3.0,105.0,81.0,25.0,193.0,69.0,488.0,1.0
2023-05-13 21:56:00,77.0,84.39,74.53,74.05,3.0,103.0,81.0,25.0,229.0,69.0,489.0,1.0
2023-05-13 23:01:00,77.0,84.69,74.46,74.05,3.0,99.0,81.0,25.0,271.0,69.0,490.0,1.0
2023-05-14 00:10:00,77.0,85.0,74.46,74.05,3.0,97.0,81.0,25.0,295.0,71.0,491.0,1.0
2023-05-14 01:08:00,77.0,85.2,74.46,74.39,3.0,95.0,81.0,25.0,27.0,81.0,492.0,1.0
2023-05-14 02:00:00,77.0,85.45,74.46,74.06,3.0,93.0,81.0,25.0,55.0,81.0,493.0,1.0
2023-05-14 03:27:00,77.0,86.32,74.46,73.99,3.0,88.0,81.0,25.0,113.0,81.0,494.0,1.0
2023-05-14 04:15:00,77.0,86.95,74.53,73.98,2.0,85.0,81.0,25.0,151.0,81.0,495.0,1.0
2023-05-14 05:00:00,77.0,86.67,74.52,73.98,3.0,82.0,81.0,25.0,181.0,81.0,496.0,1.0
2023-05-14 06:14:00,77.0,88.77,74.46,74.04,4.0,80.0,81.0,25.0,217.0,81.0,497.0,1.0
2023-05-14 07:00:00,77.0,89.49,74.52,74.03,3.0,79.0,81.0,25.0,235.0,81.0,498.0,1.0
2023-05-14 08:02:00,77.0,91.64,74.52,74.02,3.0,76.0,81.0,25.0,277.0,81.0,499.0,1.0
2023-05-14 09:30:00,77.0,93.95,74.51,74.03,5.0,75.0,81.0,25.0,17.0,81.0,500.0,1.0
2023-05-14 11:00:00,77.0,97.03,74.64,73.98,8.0,73.0,81.0,25.0,47.0,83.0,501.0,1.0
2023-05-14 12:07:00,77.0,98.92,74.78,74.05,8.0,81.0,85.0,26.5,68.0,83.0,502.0,1.0
2023-05-15 18:00:00,72.0,82.65,74.4,73.4,8.0,123.0,7.0,51.0,77.0,83.0,503.0,1.0
2023-05-15 20:00:00,72.0,82.96,74.38,73.9,8.0,120.0,32.0,51.0,77.0,83.0,504.0,1.0
2023-05-15 20:25:00,72.0,83.01,74.51,73.95,6.0,119.0,39.0,51.0,77.0,83.0,505.0,1.0
2023-05-15 22:00:00,72.0,83.24,74.53,74.03,5.0,115.0,39.0,51.0,127.0,83.0,506.0,1.0
2023-05-16 00:00:00,75.0,83.52,74.51,73.96,3.0,110.0,39.0,51.0,193.0,81.0,507.0,1.0
2023-05-16 01:00:00,75.0,83.74,74.51,73.96,3.0,106.0,39.0,51.0,233.0,81.0,508.0,1.0
2023-05-16 01:56:00,75.0,83.96,74.46,73.95,3.0,103.0,39.0,51.0,273.0,81.0,509.0,1.0
2023-05-16 05:04:00,75.0,83.89,74.45,73.89,10.0,102.0,43.0,51.0,11.0,89.0,510.0,1.0
2023-05-16 07:00:00,75.0,84.59,74.44,74.0,4.0,98.0,47.0,50.0,59.0,89.0,511.0,1.0
2023-05-16 08:00:00,75.0,85.0,74.51,74.01,2.0,94.0,47.0,51.0,109.0,89.0,512.0,1.0
2023-05-16 08:28:00,75.0,85.24,74.63,73.98,2.0,91.0,47.0,51.0,133.0,89.0,513.0,1.0
2023-05-16 09:02:00,75.0,85.57,74.57,74.0,2.0,89.0,47.0,51.0,162.0,89.0,514.0,1.0
2023-05-16 10:02:00,77.0,86.3,74.63,73.97,2.0,85.0,47.0,51.0,209.0,89.0,515.0,1.0
2023-05-16 10:57:00,77.0,87.08,74.57,73.94,2.0,82.0,47.0,51.0,254.0,89.0,516.0,1.0
2023-05-16 11:55:00,77.0,88.11,74.51,73.94,4.0,80.0,47.0,51.0,283.0,89.0,517.0,1.0
2023-05-16 13:55:00,77.0,90.34,74.51,73.99,3.0,76.0,47.0,51.0,45.0,101.0,518.0,1.0
2023-05-16 14:55:00,77.0,92.92,74.63,73.95,3.0,74.0,47.0,51.0,83.0,101.0,519.0,1.0
2023-05-16 16:34:00,77.0,98.14,74.77,73.98,5.0,71.0,0.0,0.0,127.0,101.0,520.0,1.0
2023-05-17 18:00:00,72.0,82.96,74.44,73.19,8.0,127.0,7.0,78.0,11.0,101.0,521.0,1.0
2023-05-17 19:00:00,72.0,83.05,74.37,73.66,8.0,125.0,7.0,78.0,11.0,101.0,522.0,1.0
2023-05-17 20:00:00,72.0,83.11,74.37,73.8,8.0,124.0,18.0,78.0,11.0,101.0,523.0,1.0
2023-05-17 21:00:00,72.0,83.14,74.44,73.93,8.0,123.0,32.0,78.0,11.0,101.0,524.0,1.0
2023-05-17 22:00:00,72.0,83.26,74.37,74.01,6.0,121.0,35.0,78.0,33.0,101.0,525.0,1.0
2023-05-17 23:05:00,72.0,83.48,74.44,74.01,5.0,118.0,35.0,78.0,59.0,101.0,526.0,1.0
2023-05-17 23:53:00,77.0,83.58,74.5,74.01,5.0,116.0,35.0,78.0,79.0,101.0,527.0,1.0
2023-05-18 00:53:00,77.0,83.79,74.5,73.94,3.0,114.0,35.0,78.0,117.0,101.0,528.0,1.0
2023-05-18 03:00:00,76.0,84.25,74.5,73.93,2.0,106.0,35.0,78.0,203.0,101.0,529.0,1.0
2023-05-18 03:54:00,76.0,84.59,74.5,74.0,2.0,103.0,35.0,78.0,249.0,101.0,530.0,1.0
2023-05-18 06:06:00,76.0,85.5,74.58,73.99,2.0,95.0,35.0,78.0,67.0,107.0,531.0,1.0
2023-05-18 08:02:00,76.0,86.78,74.62,73.97,2.0,87.0,35.0,78.0,164.0,107.0,532.0,1.0
2023-05-18 08:58:00,76.0,87.62,74.56,74.02,2.0,83.0,35.0,79.0,209.0,107.0,533.0,1.0
2023-05-18 09:58:00,76.0,88.98,74.62,73.93,2.0,80.0,35.0,79.0,258.0,107.0,534.0,1.0
2023-05-18 10:56:00,76.0,90.49,74.57,74.56,4.0,77.0,35.0,79.0,289.0,107.0,535.0,1.0
2023-05-18 11:57:00,76.0,91.57,74.49,73.92,3.0,77.0,35.0,80.0,29.0,107.0,536.0,1.0
2023-05-18 12:59:00,76.0,95.11,74.69,73.93,2.0,73.0,35.0,81.0,75.0,107.0,537.0,1.0
2023-05-18 13:57:00,76.0,98.23,74.83,73.98,6.0,73.0,35.0,81.0,101.0,107.0,538.0,1.0
2023-05-18 14:46:00,76.0,99.68,75.96,73.98,1.0,72.0,35.0,81.0,117.0,107.0,539.0,1.0
2023-05-19 10:35:00,72.0,82.8,74.57,72.49,8.0,128.0,7.0,99.0,11.0,107.0,540.0,1.0
2023-05-19 12:00:00,72.0,82.85,74.49,73.49,8.0,126.0,7.0,101.0,11.0,108.0,541.0,1.0
2023-05-19 13:15:00,72.0,83.0,74.49,73.7,8.0,125.0,23.0,101.0,11.0,107.0,542.0,1.0
2023-05-19 14:11:00,72.0,83.06,74.42,73.91,8.0,123.0,41.0,101.0,11.0,107.0,543.0,1.0
2023-05-19 14:37:00,72.0,83.12,74.49,73.85,8.0,122.0,47.0,101.0,11.0,107.0,544.0,1.0
2023-05-19 16:00:00,75.0,83.33,74.56,74.07,3.0,119.0,47.0,101.0,53.0,107.0,545.0,1.0
2023-05-19 16:58:00,75.0,83.5,74.43,74.03,5.0,116.0,47.0,101.0,89.0,107.0,546.0,1.0
2023-05-19 17:54:00,76.0,83.64,74.5,74.05,3.0,113.0,47.0,101.0,119.0,107.0,547.0,1.0
2023-05-19 20:00:00,77.0,84.19,74.58,74.01,2.0,105.0,47.0,101.0,218.0,107.0,548.0,1.0
2023-05-19 20:56:00,77.0,84.53,74.58,74.08,2.0,101.0,47.0,101.0,265.0,107.0,549.0,1.0
2023-05-19 21:55:00,77.0,84.89,74.58,74.08,0.0,98.0,47.0,101.0,65.0,107.0,550.0,1.0
2023-05-19 23:00:00,77.0,85.3,74.58,74.09,2.0,94.0,47.0,101.0,59.0,107.0,551.0,1.0
2023-05-20 00:06:00,77.0,85.95,74.58,74.03,2.0,89.0,47.0,101.0,115.0,107.0,552.0,1.0
2023-05-20 00:58:00,77.0,86.55,74.64,74.03,2.0,86.0,47.0,101.0,158.0,107.0,553.0,1.0
2023-05-20 01:56:00,77.0,87.48,74.64,74.03,2.0,83.0,47.0,101.0,207.0,107.0,554.0,1.0
2023-05-20 02:58:00,77.0,89.16,74.64,74.03,2.0,79.0,47.0,101.0,258.0,107.0,555.0,1.0
2023-05-20 04:58:00,77.0,93.14,74.5,74.09,4.0,75.0,47.0,99.0,35.0,107.0,556.0,1.0
2023-05-20 05:57:00,77.0,95.91,74.58,74.02,6.0,74.0,47.0,99.0,62.0,107.0,557.0,1.0
2023-05-20 06:56:00,77.0,98.28,74.63,74.06,6.0,73.0,47.0,99.0,81.0,107.0,558.0,1.0
2023-05-20 08:00:00,77.0,99.92,75.77,73.99,16.0,71.0,47.0,99.0,101.0,107.0,559.0,1.0
2023-05-21 00:07:00,72.0,82.73,74.45,72.71,8.0,127.0,7.0,123.0,101.0,107.0,560.0,1.0
2023-05-21 00:59:00,72.0,82.8,74.37,73.3,8.0,126.0,7.0,123.0,101.0,107.0,561.0,1.0
2023-05-21 01:59:00,72.0,82.9,74.45,73.7,8.0,125.0,11.0,123.0,101.0,107.0,562.0,1.0
2023-05-21 02:57:00,72.0,82.95,74.37,73.9,8.0,123.0,29.0,123.0,101.0,107.0,563.0,1.0
2023-05-21 04:56:00,74.0,83.19,74.37,73.97,3.0,119.0,41.0,123.0,141.0,107.0,564.0,1.0
2023-05-21 05:57:00,74.0,83.34,74.31,73.95,3.0,116.0,41.0,123.0,179.0,107.0,565.0,1.0
2023-05-21 06:56:00,74.0,83.55,74.44,73.93,2.0,112.0,41.0,123.0,223.0,107.0,566.0,1.0
2023-05-21 08:00:00,74.0,83.82,74.44,73.87,3.0,108.0,41.0,123.0,273.0,107.0,567.0,1.0
2023-05-21 09:53:00,74.0,84.03,74.37,73.88,5.0,105.0,41.0,123.0,21.0,6.0,568.0,1.0
2023-05-21 11:02:00,75.0,84.25,74.37,73.83,6.0,103.0,41.0,125.0,31.0,0.0,569.0,1.0
2023-05-21 12:00:00,75.0,84.47,74.36,73.8,6.0,101.0,41.0,125.0,31.0,19.0,570.0,1.0
2023-05-21 13:00:00,75.0,84.57,74.35,73.8,6.0,99.0,41.0,125.0,31.0,43.0,571.0,1.0
2023-05-21 14:00:00,75.0,84.74,74.3,73.87,6.0,98.0,41.0,125.0,31.0,64.0,572.0,1.0
2023-05-21 15:17:00,75.0,85.06,74.3,74.37,3.0,94.0,41.0,124.0,71.0,69.0,573.0,1.0
2023-05-21 16:02:00,75.0,85.38,74.43,73.89,3.0,93.0,41.0,124.0,93.0,69.0,574.0,1.0
2023-05-21 17:55:00,75.0,86.31,74.44,73.83,3.0,87.0,41.0,124.0,161.0,69.0,575.0,1.0
2023-05-21 18:57:00,75.0,86.86,74.31,73.81,3.0,84.0,41.0,124.0,197.0,69.0,576.0,1.0
2023-05-21 19:58:00,75.0,87.81,74.39,73.82,3.0,82.0,41.0,124.0,223.0,69.0,577.0,1.0
2023-05-21 20:58:00,75.0,89.01,74.38,73.77,3.0,80.0,41.0,124.0,267.0,69.0,578.0,1.0
2023-05-21 21:58:00,75.0,89.1,74.9,73.58,0.0,78.0,41.0,122.0,29.0,69.0,579.0,1.0
2023-05-21 22:56:00,75.0,92.5,74.45,73.83,3.0,77.0,41.0,122.0,43.0,69.0,580.0,1.0
2023-05-22 00:15:00,75.0,96.7,74.51,73.83,6.0,74.0,41.0,123.0,85.0,69.0,581.0,1.0
2023-05-22 01:00:00,75.0,98.62,74.64,73.77,8.0,73.0,41.0,123.0,99.0,69.0,582.0,1.0
2023-05-22 01:57:00,75.0,99.63,75.86,73.83,1.0,73.0,41.0,123.0,115.0,69.0,583.0,1.0
2023-05-23 17:44:00,71.0,82.52,74.44,72.44,8.0,126.0,7.0,140.0,11.0,69.0,584.0,1.0
2023-05-23 18:54:00,73.0,82.59,74.32,73.22,8.0,124.0,7.0,146.0,11.0,69.0,585.0,1.0
2023-05-23 20:55:00,73.0,82.75,74.24,73.69,8.0,121.0,33.0,146.0,11.0,69.0,586.0,1.0
2023-05-23 21:46:00,75.0,82.85,74.25,73.75,8.0,120.0,49.0,145.0,11.0,69.0,587.0,1.0
2023-05-23 22:55:00,75.0,82.97,74.26,73.77,8.0,119.0,49.0,145.0,31.0,69.0,588.0,1.0
2023-05-24 00:17:00,75.0,83.13,74.25,73.77,5.0,116.0,49.0,145.0,69.0,69.0,589.0,1.0
2023-05-24 02:00:00,75.0,83.35,74.25,73.77,3.0,111.0,49.0,145.0,123.0,69.0,590.0,1.0
2023-05-24 03:10:00,75.0,83.54,74.32,73.82,3.0,108.0,49.0,145.0,165.0,59.0,591.0,1.0
2023-05-24 04:05:00,75.0,83.76,74.32,73.76,5.0,106.0,49.0,145.0,175.0,87.0,592.0,1.0
2023-05-24 05:00:00,75.0,83.92,74.32,73.77,5.0,104.0,49.0,145.0,175.0,109.0,593.0,1.0
2023-05-24 06:00:00,75.0,84.12,74.31,73.63,5.0,101.0,49.0,145.0,175.0,142.0,594.0,1.0
2023-05-24 07:00:00,75.0,84.35,74.24,73.75,5.0,99.0,49.0,145.0,175.0,162.0,595.0,1.0
2023-05-24 07:34:00,75.0,84.45,74.32,73.74,2.0,98.0,49.0,145.0,187.0,175.0,596.0,1.0
2023-05-24 08:05:00,75.0,84.67,74.32,73.73,2.0,95.0,49.0,145.0,213.0,175.0,597.0,1.0
2023-05-24 09:04:00,76.0,85.14,74.37,73.79,3.0,92.0,49.0,144.0,258.0,177.0,598.0,1.0
2023-05-24 11:11:00,76.0,86.21,74.37,73.75,2.0,86.0,49.0,146.0,67.0,177.0,599.0,1.0
2023-05-24 12:10:00,76.0,86.95,74.37,73.73,3.0,83.0,49.0,146.0,107.0,177.0,600.0,1.0
2023-05-24 13:00:00,76.0,87.88,74.23,73.72,3.0,81.0,49.0,147.0,140.0,177.0,601.0,1.0
2023-05-24 15:15:00,76.0,91.5,74.31,73.74,3.0,77.0,49.0,147.0,219.0,177.0,602.0,1.0
2023-05-24 16:01:00,76.0,93.36,74.44,73.81,5.0,75.0,49.0,146.0,239.0,177.0,603.0,1.0
2023-05-24 16:58:00,76.0,95.31,74.44,73.69,8.0,74.0,49.0,146.0,264.0,177.0,604.0,1.0
2023-05-24 18:00:00,76.0,98.02,74.45,73.71,8.0,73.0,49.0,146.0,279.0,177.0,605.0,1.0
2023-05-24 18:57:00,76.0,99.4,74.85,73.75,8.0,73.0,49.0,146.0,295.0,177.0,606.0,1.0
2023-05-25 10:01:00,71.0,82.63,74.31,71.57,8.0,125.0,7.0,154.0,11.0,177.0,607.0,1.0
2023-05-25 11:00:00,73.0,82.83,74.24,72.59,8.0,123.0,7.0,164.0,11.0,177.0,608.0,1.0
2023-05-25 12:03:00,74.0,83.07,74.17,73.24,8.0,122.0,7.0,164.0,11.0,177.0,609.0,1.0
2023-05-25 13:01:00,74.0,83.06,74.14,73.44,8.0,120.0,20.0,164.0,11.0,177.0,610.0,1.0
2023-05-25 14:30:00,74.0,83.15,74.12,73.55,8.0,118.0,46.0,164.0,11.0,177.0,611.0,1.0
2023-05-25 16:00:00,75.0,83.38,74.25,73.63,3.0,114.0,49.0,165.0,54.0,177.0,612.0,1.0
2023-05-25 16:59:00,75.0,83.59,74.19,73.69,8.0,112.0,49.0,165.0,79.0,177.0,613.0,1.0
2023-05-25 17:57:00,75.0,83.64,74.19,73.67,8.0,111.0,49.0,165.0,97.0,177.0,614.0,1.0
2023-05-25 18:57:00,75.0,83.8,74.19,73.67,8.0,110.0,49.0,165.0,117.0,177.0,615.0,1.0
2023-05-25 19:58:00,77.0,84.02,74.12,73.74,8.0,108.0,49.0,165.0,137.0,177.0,616.0,1.0
2023-05-25 20:57:00,77.0,84.1,74.19,73.68,8.0,107.0,49.0,165.0,144.0,187.0,617.0,1.0
2023-05-25 21:55:00,77.0,84.21,74.19,73.68,8.0,106.0,49.0,165.0,144.0,207.0,618.0,1.0
2023-05-25 22:57:00,77.0,84.38,74.19,73.68,7.0,104.0,49.0,165.0,144.0,227.0,619.0,1.0
2023-05-26 00:12:00,77.0,84.73,74.19,73.68,5.0,101.0,49.0,165.0,144.0,262.0,620.0,1.0
2023-05-26 01:00:00,77.0,84.95,74.25,73.68,5.0,99.0,49.0,165.0,144.0,291.0,621.0,1.0
2023-05-26 01:35:00,77.0,85.07,74.25,73.68,5.0,98.0,49.0,165.0,147.0,299.0,622.0,1.0
2023-05-26 02:00:00,77.0,85.23,74.25,73.68,2.0,97.0,49.0,165.0,165.0,299.0,623.0,1.0
2023-05-26 03:00:00,77.0,85.79,74.25,73.67,2.0,93.0,49.0,165.0,213.0,299.0,624.0,1.0
2023-05-26 04:00:00,77.0,86.28,74.25,73.68,3.0,90.0,49.0,165.0,251.0,10.0,625.0,1.0
2023-05-26 06:00:00,77.0,87.3,74.19,73.69,5.0,86.0,49.0,7.0,33.0,10.0,626.0,1.0
2023-05-26 07:54:00,77.0,89.44,74.26,73.69,4.0,82.0,49.0,7.0,89.0,10.0,627.0,1.0
2023-05-26 09:57:00,77.0,92.58,74.25,73.69,6.0,79.0,49.0,7.0,143.0,10.0,628.0,1.0
2023-05-26 11:56:00,77.0,96.72,74.38,73.6,8.0,77.0,49.0,7.0,185.0,10.0,629.0,1.0
2023-05-26 14:00:00,77.0,99.42,80.17,73.59,1.0,75.0,73.0,7.0,213.0,10.0,630.0,1.0
2023-05-27 08:02:00,72.0,82.56,74.18,73.16,8.0,128.0,7.0,7.0,11.0,10.0,631.0,1.0
2023-05-27 10:05:00,73.0,82.76,74.23,73.56,8.0,126.0,29.0,7.0,11.0,10.0,632.0,1.0
2023-05-27 11:00:00,73.0,82.85,74.17,73.56,8.0,124.0,45.0,7.0,11.0,10.0,633.0,1.0
2023-05-27 13:00:00,75.0,83.03,74.23,73.57,3.0,119.0,53.0,7.0,57.0,10.0,634.0,1.0
2023-05-27 15:00:00,75.0,83.43,74.24,73.65,3.0,113.0,53.0,7.0,137.0,10.0,635.0,1.0
2023-05-27 16:02:00,75.0,83.59,74.31,73.66,8.0,110.0,53.0,7.0,170.0,11.0,636.0,1.0
2023-05-27 16:57:00,75.0,83.64,74.25,73.66,8.0,109.0,53.0,7.0,180.0,17.0,637.0,1.0
2023-05-27 17:58:00,75.0,83.85,74.19,73.68,5.0,107.0,53.0,7.0,180.0,41.0,638.0,1.0
2023-05-27 18:57:00,75.0,83.96,74.24,73.64,4.0,105.0,53.0,7.0,180.0,69.0,639.0,1.0
2023-05-27 19:55:00,75.0,84.26,74.24,73.71,2.0,103.0,53.0,7.0,183.0,101.0,640.0,1.0
2023-05-27 20:55:00,75.0,84.64,74.34,73.72,2.0,97.0,53.0,7.0,233.0,101.0,641.0,1.0
2023-05-27 22:00:00,75.0,85.11,74.24,73.72,3.0,93.0,53.0,7.0,283.0,101.0,642.0,1.0
2023-05-27 22:57:00,75.0,85.66,75.44,74.19,3.0,93.0,53.0,7.0,11.0,101.0,643.0,1.0
2023-05-27 23:57:00,75.0,85.88,74.31,73.2,3.0,85.0,53.0,7.0,51.0,101.0,644.0,1.0
2023-05-28 01:54:00,75.0,87.27,74.37,73.72,3.0,84.0,53.0,7.0,129.0,101.0,645.0,1.0
2023-05-28 02:58:00,75.0,88.32,74.31,73.71,3.0,80.0,53.0,7.0,171.0,101.0,646.0,1.0
2023-05-28 03:56:00,75.0,88.99,74.31,73.78,3.0,78.0,53.0,7.0,207.0,101.0,647.0,1.0
2023-05-28 04:57:00,75.0,92.54,74.35,73.79,4.0,76.0,53.0,7.0,243.0,101.0,648.0,1.0
2023-05-28 07:00:00,75.0,97.1,74.44,73.77,8.0,74.0,53.0,7.0,27.0,101.0,649.0,1.0
2023-05-29 01:57:00,72.0,82.49,74.38,73.39,8.0,125.0,6.0,43.0,41.0,101.0,650.0,1.0
2023-05-29 03:55:00,75.0,82.7,74.31,73.72,8.0,122.0,27.0,43.0,41.0,101.0,651.0,1.0
2023-05-29 05:56:00,75.0,82.86,74.31,73.79,6.0,118.0,41.0,43.0,73.0,101.0,652.0,1.0
2023-05-29 08:00:00,75.0,83.08,74.37,73.76,6.0,114.0,41.0,43.0,121.0,101.0,653.0,1.0
2023-05-29 09:01:00,75.0,83.19,74.31,73.8,6.0,113.0,41.0,43.0,146.0,101.0,654.0,1.0
2023-05-29 10:00:00,75.0,83.29,74.31,73.79,6.0,111.0,41.0,43.0,168.0,101.0,655.0,1.0
2023-05-29 11:00:00,75.0,83.56,74.37,73.77,8.0,109.0,41.0,43.0,179.0,115.0,656.0,1.0
2023-05-29 12:00:00,75.0,83.62,74.31,73.63,6.0,108.0,41.0,43.0,180.0,139.0,657.0,1.0
2023-05-29 13:03:00,75.0,83.62,74.36,73.73,6.0,106.0,41.0,45.0,179.0,163.0,658.0,1.0
2023-05-29 14:00:00,75.0,83.88,74.3,73.67,6.0,105.0,41.0,45.0,180.0,185.0,659.0,1.0
2023-05-29 15:00:00,75.0,84.16,74.37,73.75,6.0,103.0,45.0,45.0,190.0,213.0,660.0,1.0
2023-05-29 16:00:00,75.0,84.41,74.5,73.77,3.0,99.0,41.0,45.0,237.0,213.0,661.0,1.0
2023-05-29 18:00:00,75.0,84.97,74.11,73.54,3.0,93.0,41.0,45.0,299.0,10.0,662.0,1.0
2023-05-29 20:00:00,75.0,85.6,74.38,73.77,3.0,90.0,41.0,45.0,59.0,10.0,663.0,1.0
2023-05-29 22:00:00,75.0,87.19,74.45,73.79,3.0,82.0,41.0,45.0,147.0,10.0,664.0,1.0
2023-05-29 23:00:00,75.0,88.24,74.38,73.79,4.0,88.0,41.0,45.0,175.0,10.0,665.0,1.0
2023-05-30 00:01:00,75.0,89.21,74.32,73.79,4.0,80.0,41.0,45.0,203.0,10.0,666.0,1.0
2023-05-30 01:03:00,75.0,91.03,74.37,73.79,4.0,77.0,41.0,45.0,233.0,10.0,667.0,1.0
2023-05-30 01:59:00,75.0,92.99,74.38,73.79,4.0,76.0,41.0,44.0,259.0,10.0,668.0,1.0
2023-05-30 03:44:00,75.0,96.53,74.51,73.79,4.0,74.0,41.0,45.0,17.0,10.0,669.0,1.0
2023-05-31 11:56:00,73.0,82.48,74.26,72.85,8.0,130.0,7.0,67.0,37.0,11.0,670.0,1.0
2023-05-31 14:09:00,73.0,82.63,74.24,73.51,8.0,126.0,7.0,67.0,37.0,11.0,671.0,1.0
2023-05-31 15:00:00,75.0,82.69,74.24,73.58,8.0,125.0,7.0,67.0,37.0,11.0,672.0,1.0
2023-05-31 16:00:00,75.0,82.8,74.31,73.66,8.0,122.0,47.0,67.0,57.0,11.0,673.0,1.0
2023-05-31 17:00:00,75.0,82.92,74.24,73.66,8.0,120.0,47.0,67.0,79.0,11.0,674.0,1.0
2023-05-31 20:00:00,75.0,83.23,74.18,73.71,5.0,114.0,47.0,67.0,161.0,11.0,675.0,1.0
2023-05-31 21:00:00,75.0,83.41,74.19,73.71,5.0,111.0,47.0,67.0,187.0,11.0,676.0,1.0
2023-05-31 22:00:00,75.0,83.53,74.25,73.71,5.0,108.0,47.0,67.0,201.0,26.0,677.0,1.0
2023-05-31 23:00:00,75.0,83.69,74.25,73.65,8.0,107.0,47.0,67.0,201.0,46.0,678.0,1.0
2023-06-01 00:04:00,76.0,83.94,74.18,73.72,8.0,105.0,47.0,67.0,199.0,73.0,679.0,1.0
2023-06-01 01:54:00,76.0,83.99,74.12,73.61,3.0,102.0,47.0,67.0,199.0,107.0,680.0,1.0
2023-06-01 02:56:00,76.0,84.26,74.18,73.59,3.0,99.0,47.0,67.0,237.0,107.0,681.0,1.0
2023-06-01 04:00:00,76.0,84.57,74.25,73.66,5.0,96.0,47.0,67.0,273.0,107.0,682.0,1.0
2023-06-01 05:00:00,76.0,84.8,74.24,73.73,0.0,95.0,47.0,70.0,10.0,107.0,683.0,1.0
2023-06-01 06:00:00,76.0,85.11,74.25,73.66,5.0,93.0,47.0,67.0,35.0,107.0,684.0,1.0
2023-06-01 08:10:00,76.0,86.07,74.25,73.71,3.0,87.0,47.0,67.0,117.0,107.0,685.0,1.0
2023-06-01 09:10:00,76.0,86.68,74.25,73.7,4.0,84.0,47.0,67.0,150.0,107.0,686.0,1.0
2023-06-01 10:02:00,76.0,87.37,74.25,73.63,4.0,83.0,47.0,67.0,175.0,107.0,687.0,1.0
2023-06-01 11:00:00,76.0,88.06,74.24,73.53,4.0,80.0,47.0,67.0,205.0,107.0,688.0,1.0
2023-06-01 12:21:00,76.0,89.47,74.24,73.58,3.0,78.0,47.0,67.0,243.0,107.0,689.0,1.0
2023-06-01 13:00:00,76.0,90.34,74.24,73.51,4.0,77.0,47.0,67.0,262.0,107.0,690.0,1.0
2023-06-01 15:20:00,76.0,94.51,74.32,73.66,6.0,73.0,47.0,67.0,33.0,109.0,691.0,1.0
2023-06-01 16:00:00,76.0,96.46,74.44,73.66,6.0,73.0,47.0,67.0,51.0,109.0,692.0,1.0
2023-06-01 17:00:00,76.0,98.49,74.51,73.62,7.0,72.0,47.0,67.0,67.0,109.0,693.0,1.0
2023-06-01 18:00:00,76.0,99.59,75.11,73.69,7.0,71.0,47.0,67.0,83.0,109.0,694.0,1.0
2023-06-02 11:20:00,73.0,82.38,74.18,73.29,8.0,126.0,7.0,91.0,11.0,107.0,695.0,1.0
2023-06-02 13:05:00,73.0,82.41,74.11,73.52,8.0,125.0,19.0,91.0,11.0,107.0,696.0,1.0
2023-06-02 13:36:00,74.0,82.71,74.18,73.63,8.0,122.0,47.0,91.0,11.0,109.0,697.0,1.0
2023-06-02 14:54:00,75.0,82.83,74.14,73.66,5.0,118.0,47.0,91.0,50.0,109.0,698.0,1.0
2023-06-02 16:00:00,75.0,82.93,74.25,73.66,5.0,115.0,47.0,91.0,79.0,109.0,699.0,1.0
2023-06-02 18:00:00,75.0,83.21,74.26,73.69,6.0,110.0,47.0,91.0,133.0,109.0,700.0,1.0
2023-06-02 20:00:00,75.0,83.43,74.25,73.76,6.0,106.0,47.0,91.0,183.0,109.0,701.0,1.0
2023-06-02 22:01:00,75.0,83.68,74.26,73.69,6.0,101.0,47.0,91.0,187.0,152.0,702.0,1.0
2023-06-02 23:00:00,75.0,83.8,74.19,73.69,6.0,99.0,47.0,91.0,187.0,177.0,703.0,1.0
2023-06-03 00:10:00,75.0,84.01,74.19,73.64,6.0,97.0,47.0,91.0,187.0,207.0,704.0,1.0
2023-06-03 01:03:00,76.0,84.1,74.19,73.59,8.0,92.0,47.0,91.0,187.0,225.0,705.0,1.0
2023-06-03 02:00:00,76.0,84.16,73.99,73.45,8.0,92.0,47.0,91.0,189.0,241.0,706.0,1.0
2023-06-03 02:58:00,75.0,84.54,74.19,73.66,4.0,91.0,47.0,91.0,217.0,241.0,707.0,1.0
2023-06-03 04:02:00,76.0,84.95,74.32,73.71,5.0,88.0,47.0,91.0,257.0,10.0,708.0,1.0
2023-06-03 05:01:00,77.0,85.3,74.26,73.78,3.0,85.0,47.0,91.0,293.0,11.0,709.0,1.0
2023-06-03 05:45:00,77.0,85.56,74.25,73.66,0.0,83.0,47.0,91.0,301.0,11.0,710.0,1.0
2023-06-03 06:59:00,77.0,86.29,74.33,73.7,3.0,80.0,47.0,91.0,53.0,11.0,711.0,1.0
2023-06-03 08:00:00,77.0,87.24,74.32,73.7,3.0,75.0,47.0,91.0,105.0,11.0,712.0,1.0
2023-06-03 09:00:00,77.0,88.11,74.25,73.69,4.0,73.0,47.0,91.0,135.0,11.0,713.0,1.0
2023-06-03 11:00:00,77.0,90.9,74.32,73.67,4.0,70.0,47.0,91.0,191.0,11.0,714.0,1.0
2023-06-03 12:00:00,77.0,94.37,74.52,73.66,3.0,67.0,47.0,91.0,233.0,11.0,715.0,1.0
2023-06-03 13:00:00,77.0,99.09,74.98,73.66,8.0,65.0,47.0,91.0,269.0,11.0,716.0,1.0
2023-06-04 00:10:00,75.0,83.08,74.25,73.45,8.0,133.0,13.0,111.0,11.0,11.0,717.0,1.0
2023-06-04 00:58:00,75.0,83.11,74.25,73.58,8.0,131.0,27.0,111.0,11.0,11.0,718.0,1.0
2023-06-04 01:59:00,75.0,83.15,74.25,73.71,8.0,129.0,45.0,111.0,11.0,11.0,719.0,1.0
2023-06-04 02:59:00,75.0,83.27,74.25,73.78,8.0,127.0,55.0,111.0,19.0,11.0,720.0,1.0
2023-06-04 03:59:00,75.0,83.33,74.25,73.79,8.0,126.0,55.0,111.0,39.0,11.0,721.0,1.0
2023-06-04 05:04:00,76.0,83.49,74.33,73.78,8.0,124.0,55.0,111.0,59.0,11.0,722.0,1.0
2023-06-04 06:00:00,76.0,83.55,74.39,73.78,7.0,122.0,55.0,111.0,79.0,11.0,723.0,1.0
2023-06-04 06:57:00,76.0,83.65,74.25,73.77,7.0,120.0,55.0,111.0,97.0,11.0,724.0,1.0
2023-06-04 07:57:00,76.0,83.81,74.32,73.76,5.0,118.0,55.0,111.0,121.0,11.0,725.0,1.0
2023-06-04 08:56:00,76.0,84.08,74.38,73.73,6.0,115.0,55.0,111.0,141.0,19.0,726.0,1.0
2023-06-04 10:00:00,75.0,84.14,74.32,73.73,8.0,114.0,55.0,111.0,154.0,31.0,727.0,1.0
2023-06-04 11:00:00,76.0,84.24,74.38,73.7,8.0,112.0,55.0,111.0,164.0,43.0,728.0,1.0
2023-06-04 12:00:00,76.0,84.45,74.32,73.67,6.0,110.0,57.0,111.0,164.0,65.0,729.0,1.0
2023-06-04 13:00:00,76.0,84.56,74.3,73.66,5.0,108.0,57.0,111.0,164.0,97.0,730.0,1.0
2023-06-04 14:00:00,75.0,84.77,74.37,73.66,5.0,105.0,57.0,113.0,164.0,125.0,731.0,1.0
2023-06-04 15:00:00,76.0,84.96,74.31,73.66,3.0,103.0,57.0,113.0,176.0,147.0,732.0,1.0
2023-06-04 16:00:00,76.0,85.33,74.38,73.68,3.0,99.0,57.0,112.0,213.0,149.0,733.0,1.0
2023-06-04 17:00:00,76.0,85.99,74.51,73.76,6.0,94.0,57.0,112.0,263.0,149.0,734.0,1.0
2023-06-04 19:00:00,76.0,86.73,74.39,73.81,3.0,89.0,57.0,112.0,61.0,147.0,735.0,1.0
2023-06-04 20:00:00,76.0,87.53,74.46,73.82,3.0,86.0,57.0,111.0,105.0,148.0,736.0,1.0
2023-06-04 22:04:00,76.0,90.35,74.52,73.9,3.0,81.0,57.0,110.0,193.0,147.0,737.0,1.0
2023-06-05 00:13:00,76.0,94.52,74.52,73.91,6.0,76.0,57.0,110.0,260.0,147.0,738.0,1.0
2023-06-05 01:00:00,75.0,96.41,74.52,73.85,6.0,75.0,57.0,111.0,279.0,147.0,739.0,1.0
2023-06-05 02:00:00,76.0,98.34,75.19,74.18,8.0,75.0,57.0,111.0,17.0,147.0,740.0,1.0
2023-06-06 14:00:00,73.0,82.61,74.37,72.71,8.0,127.0,7.0,133.0,33.0,147.0,741.0,1.0
2023-06-06 15:15:00,74.0,82.66,74.32,73.36,8.0,125.0,7.0,133.0,33.0,149.0,742.0,1.0
2023-06-06 16:05:00,74.0,82.77,74.31,73.53,8.0,124.0,22.0,133.0,33.0,149.0,743.0,1.0
2023-06-06 16:56:00,74.0,82.82,74.32,73.7,8.0,123.0,37.0,133.0,33.0,149.0,744.0,1.0
2023-06-06 19:01:00,74.0,82.99,74.32,73.87,8.0,119.0,51.0,133.0,59.0,146.0,745.0,1.0
2023-06-06 20:57:00,74.0,83.17,74.33,73.82,8.0,116.0,51.0,133.0,95.0,146.0,746.0,1.0
2023-06-06 23:00:00,74.0,83.39,74.38,73.9,8.0,112.0,51.0,133.0,135.0,146.0,747.0,1.0
2023-06-07 00:00:00,74.0,83.47,73.91,73.91,8.0,110.0,51.0,133.0,161.0,147.0,748.0,1.0
2023-06-07 01:00:00,74.0,83.57,74.33,73.91,8.0,109.0,51.0,133.0,177.0,147.0,749.0,1.0
2023-06-07 02:00:00,74.0,83.67,74.33,73.91,7.0,107.0,51.0,133.0,181.0,160.0,750.0,1.0
2023-06-07 03:00:00,74.0,83.81,74.32,73.91,6.0,105.0,51.0,133.0,181.0,187.0,751.0,1.0
2023-06-07 04:00:00,74.0,83.99,74.32,73.9,5.0,103.0,51.0,133.0,181.0,216.0,752.0,1.0
2023-06-07 05:00:00,74.0,84.13,74.32,73.91,5.0,101.0,51.0,133.0,181.0,246.0,753.0,1.0
2023-06-07 06:00:00,76.0,84.34,74.32,73.91,5.0,98.0,51.0,132.0,181.0,275.0,754.0,1.0
2023-06-07 07:00:00,76.0,84.64,74.38,73.89,3.0,95.0,51.0,132.0,195.0,291.0,755.0,1.0
2023-06-07 08:27:00,76.0,85.3,74.38,73.86,3.0,89.0,51.0,133.0,262.0,11.0,756.0,1.0
2023-06-07 09:05:00,76.0,85.51,74.38,73.78,3.0,88.0,51.0,133.0,287.0,11.0,757.0,1.0
2023-06-07 11:00:00,76.0,86.02,74.32,73.68,3.0,84.0,51.0,133.0,39.0,11.0,758.0,1.0
2023-06-07 13:01:00,76.0,87.8,74.37,73.66,3.0,78.0,51.0,125.0,115.0,10.6,759.0,1.0
2023-06-07 14:05:00,76.0,88.94,74.37,73.73,5.0,75.0,51.0,133.0,150.0,10.6,760.0,1.0
2023-06-07 16:05:00,76.0,91.47,74.37,73.68,5.0,73.0,51.0,133.0,203.0,11.0,761.0,1.0
2023-06-07 16:57:00,76.0,92.73,74.38,73.69,6.0,72.0,51.0,133.0,223.0,11.0,762.0,1.0
2023-06-07 17:59:00,76.0,94.74,74.41,73.71,8.0,71.0,51.0,133.0,243.0,11.0,763.0,1.0
2023-06-07 18:57:00,76.0,96.66,74.6,73.8,8.0,70.0,51.0,133.0,260.0,11.0,764.0,1.0
2023-06-07 19:58:00,76.0,98.31,75.06,73.81,8.0,69.0,51.0,133.0,277.0,11.0,765.0,1.0
2023-06-07 20:54:00,76.0,99.62,87.38,73.95,1.0,67.0,79.0,133.0,287.0,11.0,766.0,1.0
2023-06-08 06:00:00,72.0,82.76,74.25,73.25,8.0,127.0,6.0,152.0,11.0,10.0,767.0,1.0
2023-06-08 08:05:00,74.0,83.01,74.32,73.72,8.0,124.0,33.0,155.0,11.0,11.0,768.0,1.0
2023-06-08 09:06:00,75.0,83.07,74.32,73.8,8.0,122.0,53.0,155.0,11.0,11.0,769.0,1.0
2023-06-08 10:07:00,76.0,83.29,74.37,73.8,7.0,120.0,61.0,155.0,25.0,11.0,770.0,1.0
2023-06-08 13:00:00,76.0,83.54,74.38,73.81,6.0,114.0,61.0,155.0,97.0,11.0,771.0,1.0
2023-06-08 14:03:00,76.0,83.7,74.39,73.85,5.0,111.0,61.0,155.0,129.0,11.0,772.0,1.0
2023-06-08 15:58:00,76.0,83.96,74.38,73.81,7.0,107.0,61.0,154.0,137.0,51.0,773.0,1.0
2023-06-08 16:58:00,76.0,84.12,74.38,73.81,6.0,105.0,61.0,155.0,137.0,75.0,774.0,1.0
2023-06-08 17:55:00,76.0,84.29,74.39,73.86,6.0,103.0,61.0,155.0,137.0,103.0,775.0,1.0
2023-06-08 18:59:00,76.0,84.49,74.4,73.9,6.0,101.0,61.0,155.0,135.0,131.0,776.0,1.0
2023-06-08 19:56:00,76.0,84.65,74.39,73.91,4.0,98.0,61.0,155.0,144.0,151.0,777.0,1.0
2023-06-08 20:57:00,76.0,84.97,74.4,73.91,3.0,95.0,61.0,155.0,181.0,151.0,778.0,1.0
2023-06-08 21:55:00,76.0,85.4,74.46,73.92,3.0,91.0,61.0,155.0,223.0,151.0,779.0,1.0
2023-06-08 22:56:00,76.0,85.9,74.46,73.92,3.0,88.0,61.0,155.0,267.0,151.0,780.0,1.0
2023-06-09 01:00:00,76.0,86.99,74.53,73.93,3.0,83.0,61.0,155.0,59.0,151.0,781.0,1.0
2023-06-09 02:00:00,76.0,88.37,74.53,73.93,3.0,78.0,61.0,155.0,111.0,151.0,782.0,1.0
2023-06-09 03:00:00,76.0,89.78,74.46,73.93,4.0,83.0,61.0,155.0,147.0,151.0,783.0,1.0
2023-06-09 05:00:00,76.0,93.69,74.46,73.92,5.0,72.0,61.0,155.0,213.0,151.0,784.0,1.0
2023-06-09 06:00:00,76.0,96.92,74.73,73.92,5.0,70.0,61.0,155.0,243.0,151.0,785.0,1.0
2023-06-09 07:00:00,76.0,98.75,75.98,73.56,1.0,68.0,63.0,155.0,269.0,151.0,786.0,1.0
2023-06-10 23:02:00,72.0,82.78,74.4,73.58,8.0,126.0,7.0,176.0,11.0,151.0,787.0,1.0
2023-06-11 00:00:00,74.0,82.88,74.4,73.78,8.0,124.0,22.0,176.0,11.0,151.0,788.0,1.0
2023-06-11 01:00:00,74.0,82.88,74.4,73.85,8.0,122.0,41.0,176.0,11.0,151.0,789.0,1.0
2023-06-11 03:00:00,76.0,83.12,74.4,73.99,7.0,118.0,45.0,176.0,45.0,151.0,790.0,1.0
2023-06-11 04:00:00,76.0,83.18,74.46,73.93,6.0,116.0,45.0,176.0,71.0,151.0,791.0,1.0
2023-06-11 06:00:00,78.0,83.43,74.53,74.06,6.0,112.0,45.0,176.0,119.0,151.0,792.0,1.0
2023-06-11 07:00:00,77.0,83.55,74.46,74.04,6.0,110.0,45.0,176.0,143.0,151.0,793.0,1.0
2023-06-11 08:00:00,77.0,83.7,74.39,73.88,6.0,107.0,45.0,176.0,173.0,151.0,794.0,1.0
2023-06-11 10:00:00,77.0,84.12,74.52,73.93,6.0,103.0,45.0,176.0,181.0,193.0,795.0,1.0
2023-06-11 12:00:00,77.0,84.65,74.59,73.86,6.0,97.0,45.0,176.0,183.0,254.0,796.0,1.0
2023-06-11 12:57:00,77.0,84.79,74.44,73.79,6.0,95.0,44.0,178.0,183.0,287.0,797.0,1.0
2023-06-11 13:30:00,77.0,84.78,74.44,73.89,4.0,94.0,44.0,178.0,183.0,301.0,798.0,1.0
2023-06-11 15:00:00,77.0,85.18,74.51,73.81,4.0,91.0,44.0,178.0,231.0,10.0,799.0,1.0
2023-06-11 16:02:00,77.0,85.65,74.51,73.9,3.0,87.0,45.0,178.0,273.0,11.0,800.0,1.0
2023-06-11 17:56:00,77.0,86.53,74.6,73.89,3.0,82.0,45.0,178.0,39.0,11.0,801.0,1.0
2023-06-11 18:55:00,77.0,87.5,74.66,73.97,3.0,77.0,45.0,178.0,85.0,11.0,802.0,1.0
2023-06-11 19:57:00,77.0,89.15,74.67,73.98,3.0,74.0,45.0,176.0,133.0,11.0,803.0,1.0
2023-06-11 20:55:00,77.0,90.56,74.66,74.05,5.0,73.0,45.0,176.0,167.0,11.0,804.0,1.0
2023-06-11 21:57:00,77.0,92.78,74.67,74.06,6.0,71.0,45.0,176.0,201.0,11.0,805.0,1.0
2023-06-11 22:57:00,77.0,95.1,74.66,74.06,8.0,69.0,45.0,176.0,225.0,11.0,806.0,1.0
2023-06-11 00:00:00,77.0,97.66,74.87,74.06,8.0,68.0,45.0,176.0,249.0,11.0,807.0,1.0
2023-06-11 00:48:00,77.0,99.25,75.48,74.06,1.0,66.0,47.0,176.0,267.0,11.0,808.0,1.0
2023-06-12 16:00:00,72.0,81.55,74.86,71.35,10.0,129.0,7.0,192.0,11.0,11.0,809.0,1.0
2023-06-12 18:00:00,72.0,81.71,74.4,72.96,10.0,125.0,7.0,222.0,11.0,11.0,810.0,1.0
2023-06-12 19:00:00,72.0,81.76,74.76,73.43,10.0,124.0,7.0,238.0,11.0,11.0,811.0,1.0
2023-06-12 21:00:00,73.0,81.99,74.46,73.91,10.0,120.0,14.0,242.0,11.0,11.0,812.0,1.0
2023-06-12 23:00:00,75.0,82.1,74.46,73.97,8.0,117.0,17.0,240.0,45.0,11.0,813.0,1.0
2023-06-13 00:00:00,75.0,82.28,74.53,73.98,8.0,115.0,17.0,240.0,65.0,11.0,814.0,1.0
2023-06-13 01:57:00,75.0,82.39,74.53,73.92,8.0,113.0,17.0,240.0,109.0,11.0,815.0,1.0
2023-06-13 03:59:00,75.0,82.51,74.46,73.84,8.0,107.0,17.0,240.0,151.0,11.0,816.0,1.0
2023-06-13 06:03:00,75.0,82.7,74.39,73.86,10.0,104.0,17.0,240.0,191.0,11.0,817.0,1.0
2023-06-13 07:00:00,75.0,82.68,74.4,73.92,10.0,103.0,17.0,240.0,195.0,16.0,818.0,1.0
2023-06-13 08:00:00,76.0,82.72,74.33,73.79,8.0,102.0,17.0,240.0,209.0,23.0,819.0,1.0
2023-06-13 09:06:00,76.0,82.99,74.39,73.92,4.0,99.0,17.0,240.0,244.0,23.0,820.0,1.0
2023-06-13 10:03:00,75.0,83.01,74.33,73.77,4.0,97.0,17.0,240.0,265.0,23.0,821.0,1.0
2023-06-13 11:00:00,75.0,83.18,74.39,73.77,3.0,94.0,17.0,240.0,299.0,23.0,822.0,1.0
2023-06-13 13:01:00,75.0,83.48,74.33,73.72,3.0,87.0,17.0,240.0,73.0,23.0,823.0,1.0
2023-06-13 14:02:00,75.0,83.75,74.26,73.78,3.0,86.0,17.0,240.0,111.0,23.0,824.0,1.0
2023-06-13 15:00:00,77.0,84.0,74.39,73.76,4.0,84.0,17.0,240.0,137.0,23.0,825.0,1.0
2023-06-13 16:00:00,77.0,84.43,74.38,73.72,4.0,80.0,17.0,242.0,181.0,23.0,826.0,1.0
2023-06-13 17:00:00,77.0,84.71,74.39,73.8,4.0,78.0,17.0,242.0,205.0,23.0,827.0,1.0
2023-06-13 18:00:00,77.0,85.26,74.33,73.75,3.0,74.0,17.0,242.0,251.0,23.0,828.0,1.0
2023-06-13 19:00:00,77.0,85.79,74.33,73.76,3.0,71.0,17.0,240.0,291.0,23.0,829.0,1.0
2023-06-13 20:00:00,77.0,86.0,74.33,73.81,3.0,70.0,17.0,240.0,25.0,23.0,830.0,1.0
2023-06-13 21:00:00,77.0,87.05,74.46,73.83,3.0,67.0,17.0,240.0,61.0,23.0,831.0,1.0
2023-06-13 23:00:00,75.0,91.25,74.39,73.71,3.0,62.0,17.0,240.0,145.0,23.0,832.0,1.0
2023-06-13 01:14:00,75.0,98.7,74.65,73.65,8.0,58.0,17.0,240.0,203.0,23.0,833.0,1.0
2023-06-13 01:37:00,75.0,99.4,74.79,73.71,1.0,58.0,18.0,240.0,209.0,23.0,834.0,1.0
2023-06-14 10:00:00,75.0,82.6,74.25,73.47,8.0,125.0,7.0,260.0,11.0,23.0,835.0,1.0
2023-06-14 11:00:00,76.0,82.64,74.25,73.52,8.0,124.0,7.0,260.0,11.0,23.0,836.0,1.0
2023-06-14 12:15:00,76.0,82.72,74.24,73.59,8.0,122.0,7.0,262.0,11.0,23.0,837.0,1.0
2023-06-14 13:07:00,77.0,82.82,74.24,73.6,6.0,119.0,7.0,262.0,31.0,23.0,838.0,1.0
2023-06-14 14:03:00,77.0,82.92,74.24,73.71,6.0,118.0,7.0,262.0,56.0,23.0,839.0,1.0
2023-06-14 16:00:00,77.0,83.15,74.24,73.66,5.0,111.0,45.0,262.0,119.0,23.0,840.0,1.0
2023-06-14 17:00:00,77.0,83.27,74.32,73.72,5.0,110.0,45.0,262.0,139.0,23.0,841.0,1.0
2023-06-14 19:00:00,77.0,83.62,74.32,73.76,5.0,105.0,45.0,262.0,159.0,59.0,842.0,1.0
2023-06-14 20:00:00,77.0,83.79,74.38,73.82,5.0,103.0,45.0,262.0,159.0,87.0,843.0,1.0
2023-06-14 22:00:00,77.0,84.22,74.37,73.76,5.0,98.0,45.0,260.0,159.0,150.0,844.0,1.0
2023-06-14 23:00:00,77.0,84.44,74.37,73.83,3.0,97.0,45.0,260.0,163.0,175.0,845.0,1.0
2023-06-15 00:03:00,77.0,84.89,74.38,73.77,3.0,92.0,45.0,260.0,215.0,175.0,846.0,1.0
2023-06-15 00:58:00,76.0,85.23,74.38,73.77,3.0,89.0,45.0,259.0,253.0,175.0,847.0,1.0
2023-06-15 02:00:00,76.0,85.76,74.37,73.77,3.0,86.0,45.0,259.0,293.0,175.0,848.0,1.0
2023-06-15 04:57:00,76.0,87.7,74.44,73.77,3.0,77.0,45.0,260.0,99.0,175.0,849.0,1.0
2023-06-15 07:00:00,76.0,91.08,74.44,73.81,5.0,73.0,45.0,260.0,177.0,175.0,850.0,1.0
2023-06-15 08:12:00,77.0,94.29,74.5,73.73,8.0,71.0,45.0,260.0,211.0,177.0,851.0,1.0
2023-06-15 10:05:00,77.0,98.21,74.63,73.71,8.0,69.0,45.0,262.0,245.0,177.0,852.0,1.0
2023-06-15 11:00:00,77.0,99.52,74.71,73.56,12.0,68.0,45.0,258.0,258.0,177.0,853.0,1.0
2023-06-16 04:55:00,72.0,82.76,74.44,73.32,8.0,126.0,7.0,292.0,9.0,175.0,854.0,1.0
2023-06-16 07:00:00,74.0,82.91,74.43,73.82,8.0,121.0,29.0,292.0,9.0,175.0,855.0,1.0
2023-06-16 08:09:00,76.0,83.08,74.36,73.79,8.0,118.0,57.0,294.0,9.0,175.0,856.0,1.0
2023-06-16 10:00:00,76.0,83.13,74.4,73.84,6.0,116.0,63.0,294.0,37.0,177.0,857.0,1.0
2023-06-16 12:10:00,76.0,83.35,74.43,73.78,6.0,111.0,65.0,296.0,97.0,177.0,858.0,1.0
2023-06-16 13:10:00,76.0,83.56,74.43,73.75,6.0,108.0,65.0,7.0,129.0,177.0,859.0,1.0
2023-06-16 14:10:00,76.0,83.68,74.43,73.81,6.0,106.0,65.0,7.0,133.0,197.0,860.0,1.0
2023-06-16 15:00:00,76.0,83.88,74.43,73.8,7.0,104.0,65.0,7.0,133.0,221.0,861.0,1.0
2023-06-16 16:00:00,75.0,83.99,74.36,73.5,7.0,101.0,65.0,7.0,135.0,246.0,862.0,1.0
2023-06-16 17:01:00,75.0,84.0,74.43,73.84,7.0,100.0,65.0,7.0,135.0,266.0,863.0,1.0
2023-06-16 20:02:00,75.0,84.43,74.38,73.91,4.0,95.0,65.0,7.0,159.0,10.0,864.0,1.0
2023-06-16 20:58:00,75.0,84.71,74.45,73.91,3.0,93.0,65.0,7.0,193.0,10.0,865.0,1.0
2023-06-16 22:10:00,75.0,85.24,74.51,73.91,3.0,89.0,65.0,7.0,239.0,10.0,866.0,1.0
2023-06-17 01:04:00,75.0,86.78,74.58,73.93,3.0,80.0,65.0,7.0,53.0,11.0,867.0,1.0
2023-06-17 02:00:00,75.0,87.79,74.51,73.93,3.0,77.0,65.0,7.0,93.0,11.0,868.0,1.0
2023-06-17 02:58:00,75.0,88.97,74.51,73.93,3.0,74.0,65.0,7.0,135.0,11.0,869.0,1.0
2023-06-17 03:54:00,75.0,90.59,74.51,74.01,4.0,72.0,65.0,7.0,169.0,11.0,870.0,1.0
2023-06-17 04:56:00,75.0,92.56,74.51,73.93,6.0,71.0,63.0,7.0,199.0,11.0,871.0,1.0
2023-06-17 05:55:00,75.0,94.42,74.51,73.93,8.0,69.0,63.0,7.0,219.0,11.0,872.0,1.0
2023-06-17 07:12:00,75.0,97.14,74.64,73.91,8.0,68.0,63.0,7.0,245.0,11.0,873.0,1.0
2023-06-17 08:00:00,75.0,98.62,74.98,73.89,12.0,67.0,63.0,7.0,261.0,11.0,874.0,1.0
2023-06-18 09:10:00,74.0,82.68,74.45,73.12,8.0,127.0,7.0,13.0,11.0,11.0,875.0,1.0
2023-06-18 10:29:00,74.0,82.78,74.51,73.66,8.0,124.0,7.0,13.0,11.0,11.0,876.0,1.0
2023-06-18 11:00:00,75.0,82.82,74.44,73.71,8.0,123.0,7.0,13.0,11.0,11.0,877.0,1.0
2023-06-18 12:08:00,75.0,83.07,74.5,73.83,8.0,121.0,47.0,13.0,11.0,11.0,878.0,1.0
2023-06-18 13:00:00,76.0,83.02,74.45,73.83,8.0,118.0,53.0,13.0,27.0,11.0,879.0,1.0
2023-06-18 14:00:00,76.0,83.07,74.51,73.82,8.0,116.0,53.0,13.0,54.0,11.0,880.0,1.0
2023-06-18 15:12:00,76.0,83.29,74.51,73.9,6.0,113.0,55.0,13.0,89.0,11.0,881.0,1.0
2023-06-18 16:02:00,76.0,83.41,74.48,73.85,6.0,113.0,55.0,13.0,112.0,11.0,882.0,1.0
2023-06-18 16:56:00,76.0,83.48,74.51,73.95,6.0,109.0,55.0,13.0,135.0,11.0,883.0,1.0
2023-06-18 18:57:00,76.0,83.75,74.51,73.95,7.0,105.0,55.0,13.0,149.0,46.0,884.0,1.0
2023-06-18 21:02:00,76.0,83.97,74.51,73.98,8.0,101.0,55.0,13.0,149.0,115.0,885.0,1.0
2023-06-18 23:00:00,76.0,84.3,74.51,73.92,7.0,97.0,55.0,13.0,149.0,138.0,886.0,1.0
2023-06-19 00:06:00,76.0,84.52,74.51,73.98,4.0,95.0,55.0,13.0,163.0,157.0,887.0,1.0
2023-06-19 00:57:00,76.0,84.78,74.51,73.93,3.0,92.0,55.0,13.0,191.0,157.0,888.0,1.0
2023-06-19 01:59:00,76.0,85.33,74.51,74.05,3.0,89.0,55.0,13.0,239.0,157.0,889.0,1.0
2023-06-19 02:57:00,76.0,85.82,74.59,74.02,3.0,85.0,55.0,13.0,285.0,157.0,890.0,1.0
2023-06-19 03:55:00,76.0,86.2,74.51,74.06,3.0,83.0,55.0,13.0,17.0,157.0,891.0,1.0
2023-06-19 04:55:00,76.0,86.74,74.58,74.06,4.0,79.0,55.0,13.0,57.0,157.0,892.0,1.0
2023-06-19 05:55:00,76.0,87.55,74.51,73.93,4.0,77.0,55.0,13.0,91.0,157.0,893.0,1.0
2023-06-19 06:57:00,76.0,88.63,74.59,73.93,5.0,74.0,55.0,13.0,125.0,157.0,894.0,1.0
2023-06-19 07:58:00,76.0,90.11,74.51,73.84,5.0,72.0,55.0,13.0,162.0,157.0,895.0,1.0
2023-06-19 09:00:00,76.0,92.09,74.52,73.81,5.0,70.0,55.0,13.0,195.0,157.0,896.0,1.0
2023-06-19 11:00:00,76.0,97.59,74.71,73.85,6.0,67.0,55.0,13.0,251.0,157.0,897.0,1.0
2023-06-19 12:00:00,76.0,99.65,75.84,73.93,6.0,66.0,55.0,13.0,273.0,157.0,898.0,1.0
2023-06-20 17:03:00,74.0,82.61,74.11,73.34,8.0,123.0,19.0,31.0,11.0,155.0,899.0,1.0
2023-06-20 17:10:00,74.0,82.61,74.18,73.33,8.0,122.0,21.0,31.0,11.0,155.0,900.0,1.0
2023-06-20 17:58:00,74.0,82.68,74.24,73.47,8.0,121.0,37.0,31.0,11.0,155.0,901.0,1.0
2023-06-20 19:10:00,74.0,82.85,74.24,73.61,8.0,119.0,63.0,31.0,11.0,154.0,902.0,1.0
2023-06-20 20:13:00,74.0,82.91,74.24,73.66,8.0,118.0,63.0,31.0,29.0,154.0,903.0,1.0
2023-06-20 21:00:00,74.0,82.92,74.24,73.31,8.0,118.0,63.0,31.0,43.0,154.0,904.0,1.0
2023-06-20 21:55:00,75.0,83.01,74.24,73.65,6.0,116.0,63.0,31.0,63.0,155.0,905.0,1.0
2023-06-20 22:58:00,75.0,83.1,74.24,73.65,6.0,114.0,63.0,31.0,85.0,155.0,906.0,1.0
2023-06-21 00:08:00,75.0,83.27,74.24,73.66,6.0,112.0,63.0,31.0,113.0,155.0,907.0,1.0
2023-06-21 01:00:00,75.0,83.36,74.3,73.33,6.0,110.0,63.0,31.0,133.0,157.0,908.0,1.0
2023-06-21 02:00:00,75.0,83.54,74.3,73.72,6.0,108.0,63.0,31.0,133.0,181.0,909.0,1.0
2023-06-21 03:00:00,75.0,83.76,74.31,73.72,6.0,105.0,63.0,31.0,133.0,210.0,910.0,1.0
2023-06-21 04:00:00,75.0,83.91,74.31,73.72,6.0,104.0,63.0,31.0,133.0,230.0,911.0,1.0
2023-06-21 05:00:00,75.0,84.08,74.3,73.72,6.0,102.0,63.0,31.0,133.0,260.0,912.0,1.0
2023-06-21 06:00:00,75.0,84.28,74.3,73.79,5.0,100.0,63.0,31.0,133.0,282.0,913.0,1.0
2023-06-21 07:00:00,75.0,84.65,74.5,73.9,3.0,96.0,63.0,31.0,167.0,159.0,914.0,1.0
2023-06-21 08:00:00,75.0,84.77,74.36,73.69,3.0,92.0,63.0,31.0,209.0,10.0,915.0,1.0
2023-06-21 10:00:00,76.0,85.58,74.36,73.75,3.0,86.0,63.0,31.0,279.0,10.0,916.0,1.0
2023-06-21 12:00:00,75.0,86.44,74.37,73.73,4.0,82.0,63.0,31.0,43.0,10.0,917.0,1.0
2023-06-21 14:00:00,75.0,88.81,74.5,73.75,3.0,76.0,63.0,31.0,127.0,10.0,918.0,1.0
2023-06-21 16:00:00,75.0,93.21,74.5,73.75,4.0,73.0,63.0,31.0,203.0,10.0,919.0,1.0
2023-06-21 17:00:00,75.0,95.89,74.63,73.76,5.0,71.0,63.0,31.0,233.0,10.0,920.0,1.0
2023-06-21 17:57:00,75.0,98.37,74.97,73.77,8.0,69.0,63.0,31.0,254.0,11.0,921.0,1.0
2023-06-22 20:01:00,73.0,82.86,74.43,73.58,8.0,124.0,7.0,53.0,11.0,11.0,922.0,1.0
2023-06-22 21:00:00,74.0,82.94,74.49,73.85,8.0,123.0,25.0,53.0,11.0,11.0,923.0,1.0
2023-06-22 22:17:00,74.0,83.11,74.49,73.99,8.0,121.0,49.0,53.0,11.0,11.0,924.0,1.0
2023-06-22 23:17:00,74.0,83.16,74.49,74.01,8.0,118.3,67.0,53.0,11.0,11.0,925.0,1.0
2023-06-23 00:00:00,74.0,83.27,74.49,74.06,8.0,117.0,67.0,53.0,25.0,11.0,926.0,1.0
2023-06-23 01:03:00,74.0,83.34,74.49,74.06,8.0,115.0,67.0,53.0,49.0,11.0,927.0,1.0
2023-06-23 02:02:00,74.0,83.43,74.49,74.14,8.0,113.0,67.0,53.0,67.0,11.0,928.0,1.0
2023-06-23 03:00:00,76.0,83.53,74.49,74.08,8.0,111.0,67.0,53.0,89.0,11.0,929.0,1.0
2023-06-23 04:02:00,76.0,83.6,74.49,74.02,8.0,110.0,67.0,53.0,109.0,11.0,930.0,1.0
2023-06-23 05:05:00,76.0,83.63,74.49,74.07,8.0,108.0,67.0,53.0,131.0,11.0,931.0,1.0
2023-06-23 06:00:00,76.0,83.83,74.48,74.07,8.0,106.0,67.0,53.0,149.0,11.0,932.0,1.0
2023-06-23 07:00:00,76.0,83.92,74.49,74.12,8.0,104.0,67.0,53.0,149.0,30.0,933.0,1.0
2023-06-23 08:16:00,77.0,84.1,74.49,73.93,8.0,102.0,67.0,53.0,149.0,57.0,934.0,1.0
2023-06-23 10:06:00,77.0,84.31,74.48,73.98,7.0,99.0,67.0,53.0,152.0,99.0,935.0,1.0
2023-06-23 12:00:00,77.0,84.72,74.48,73.9,6.0,95.0,67.0,53.0,152.0,145.0,936.0,1.0
2023-06-23 14:15:00,77.0,85.54,74.61,74.01,3.0,88.0,69.0,53.0,242.0,147.0,937.0,1.0
2023-06-23 17:02:00,77.0,86.82,74.61,73.95,3.0,80.0,69.0,52.0,53.0,147.0,938.0,1.0
2023-06-23 19:02:00,77.0,89.58,74.7,74.01,3.0,74.0,69.0,52.0,139.0,147.0,939.0,1.0
2023-06-23 20:17:00,77.0,92.49,74.7,74.05,4.0,71.0,69.0,53.0,187.0,147.0,940.0,1.0
2023-06-23 20:59:00,77.0,93.85,74.63,74.06,6.0,70.0,69.0,53.0,203.0,147.0,941.0,1.0
2023-06-23 21:58:00,77.0,96.47,74.76,74.06,6.0,68.0,69.0,53.0,229.0,147.0,942.0,1.0
2023-06-23 23:02:00,77.0,99.04,75.27,74.13,8.0,66.0,67.0,53.0,253.0,147.0,943.0,1.0
2023-06-24 20:51:00,73.0,82.41,74.7,72.26,8.0,130.0,7.0,67.0,11.0,145.0,944.0,1.0
2023-06-24 21:59:00,73.0,82.41,74.49,73.21,8.0,129.0,7.0,67.0,11.0,145.0,945.0,1.0
2023-06-24 23:00:00,73.0,82.52,74.5,73.68,8.0,126.0,12.0,67.0,11.0,145.0,946.0,1.0
2023-06-25 00:00:00,73.0,82.62,74.5,73.68,8.0,125.0,29.0,67.0,11.0,145.0,947.0,1.0
2023-06-25 01:00:00,73.0,82.74,74.5,74.02,8.0,123.0,49.0,67.0,11.0,145.0,948.0,1.0
2023-06-25 02:00:00,73.0,82.9,74.49,74.08,8.0,121.0,69.0,67.0,11.0,145.0,949.0,1.0
2023-06-25 04:04:00,74.0,83.0,74.49,74.09,8.0,117.0,75.0,67.0,45.0,145.0,950.0,1.0
2023-06-25 06:00:00,74.0,83.16,74.49,74.33,8.0,114.0,75.0,67.0,85.0,145.0,951.0,1.0
2023-06-25 07:00:00,74.0,83.25,74.51,74.15,8.0,112.0,75.0,67.0,0.0,145.0,952.0,1.0
2023-06-25 08:00:00,76.0,83.41,74.56,74.11,7.0,110.0,75.0,67.0,127.0,145.0,953.0,1.0
2023-06-25 09:07:00,76.0,83.51,74.5,73.86,7.0,108.0,75.0,67.0,152.0,145.0,954.0,1.0
2023-06-25 11:05:00,76.0,83.72,74.56,73.94,6.0,104.0,75.0,67.0,152.0,191.0,955.0,1.0
2023-06-25 13:00:00,76.0,83.91,74.56,73.98,6.0,101.0,75.0,67.0,154.0,237.0,956.0,1.0
2023-06-25 14:00:00,76.0,84.07,74.56,73.94,3.0,99.0,75.0,67.0,156.0,263.0,957.0,1.0
2023-06-25 16:05:00,76.0,84.68,74.63,73.98,3.0,92.0,75.0,67.0,239.0,10.0,958.0,1.0
2023-06-25 18:03:00,76.0,85.41,74.5,74.04,3.0,86.0,75.0,67.0,277.0,10.0,959.0,1.0
2023-06-25 20:00:00,76.0,86.96,74.71,74.13,4.0,78.0,75.0,67.0,127.0,10.0,960.0,1.0
2023-06-25 22:01:00,76.0,88.54,74.57,74.08,6.0,73.0,75.0,67.0,187.0,10.0,961.0,1.0
2023-06-25 23:00:00,76.0,89.47,74.64,74.15,7.0,72.0,75.0,67.0,211.0,10.0,962.0,1.0
2023-06-25 00:00:00,76.0,90.77,74.63,74.08,6.0,71.0,75.0,67.0,237.0,10.0,963.0,1.0
2023-06-25 01:00:00,76.0,92.68,74.63,74.15,6.0,69.0,75.0,67.0,263.0,10.0,964.0,1.0
2023-06-25 02:00:00,76.0,95.23,74.7,74.09,8.0,68.0,75.0,67.0,189.0,10.0,965.0,1.0
2023-06-25 03:00:00,76.0,97.48,74.7,73.96,1.0,66.0,75.0,67.0,275.0,10.0,966.0,1.0
2023-06-26 04:00:00,75.0,82.79,74.51,73.2,8.0,127.0,17.0,91.0,11.0,10.0,967.0,1.0
2023-06-26 06:05:00,75.0,82.97,74.51,73.93,8.0,123.0,59.0,91.0,11.0,10.0,968.0,1.0
2023-06-26 07:01:00,75.0,83.07,74.51,73.92,6.0,123.0,75.0,91.0,13.1,10.0,969.0,1.0
2023-06-26 08:00:00,75.0,83.22,74.58,74.04,6.0,120.0,75.0,91.0,33.0,11.0,970.0,1.0
2023-06-26 09:19:00,75.0,83.52,74.64,74.0,3.0,115.0,75.0,91.0,79.0,11.0,971.0,1.0
2023-06-26 11:10:00,76.0,83.84,74.64,74.07,3.0,108.0,75.0,91.0,160.0,11.0,972.0,1.0
2023-06-26 12:02:00,76.0,84.06,74.64,73.97,3.0,104.0,75.0,91.0,199.0,11.0,973.0,1.0
2023-06-26 13:05:00,76.0,84.22,74.64,73.97,3.0,101.0,75.0,91.0,244.0,11.0,974.0,1.0
2023-06-26 14:05:00,76.0,84.44,74.64,73.96,5.0,97.0,77.0,91.0,281.0,11.0,975.0,1.0
2023-06-26 15:09:00,76.0,84.72,74.71,73.98,3.0,94.0,77.0,91.0,33.0,15.0,976.0,1.0
2023-06-26 15:54:00,76.0,85.06,74.61,73.97,3.0,91.0,77.0,91.0,65.0,15.0,977.0,1.0
2023-06-26 16:54:00,76.0,85.53,74.71,73.98,3.0,87.0,75.0,91.0,109.0,15.0,978.0,1.0
2023-06-26 19:00:00,76.0,86.86,74.64,74.0,3.0,79.0,75.0,91.0,203.0,15.0,979.0,1.0
2023-06-26 20:00:00,76.0,87.91,74.78,74.06,3.0,75.0,75.0,91.0,245.0,15.0,980.0,1.0
2023-06-26 21:00:00,76.0,89.88,74.72,74.01,0.0,75.0,75.0,91.0,179.0,15.0,981.0,1.0
2023-06-26 21:58:00,76.0,90.77,74.65,74.01,6.0,71.0,77.0,91.0,27.0,15.0,982.0,1.0
2023-06-26 22:54:00,76.0,92.49,74.65,74.01,6.0,70.0,77.0,91.0,55.0,15.0,983.0,1.0
2023-06-27 00:05:00,76.0,96.08,74.68,73.94,6.0,68.0,77.0,90.0,87.0,15.0,984.0,1.0
2023-06-27 00:43:00,76.0,98.88,74.99,74.08,1.0,67.0,77.0,90.0,105.0,14.0,985.0,1.0
2023-06-28 00:08:00,72.0,82.87,74.59,72.88,8.0,126.0,7.0,111.0,11.0,15.0,986.0,1.0
2023-06-28 02:05:00,72.0,83.04,74.52,73.9,8.0,123.0,25.0,111.0,11.0,15.0,987.0,1.0
2023-06-28 03:05:00,72.0,83.09,74.52,74.03,8.0,121.0,45.0,111.0,11.0,15.0,988.0,1.0
2023-06-28 03:57:00,72.0,83.06,74.51,74.09,8.0,120.0,61.0,111.0,11.0,15.0,989.0,1.0
2023-06-28 04:57:00,72.0,83.11,74.52,74.09,8.0,118.0,67.0,111.0,23.0,15.0,990.0,1.0
2023-06-28 06:58:00,72.0,83.39,74.65,74.14,6.0,115.0,67.0,111.0,63.0,15.0,991.0,1.0
2023-06-28 07:55:00,74.0,83.55,74.59,74.03,6.0,112.0,67.0,111.0,83.0,15.0,992.0,1.0
2023-06-28 09:00:00,75.0,83.82,74.64,74.1,3.0,107.0,67.0,111.0,105.2,15.0,993.0,1.0
2023-06-28 10:00:00,76.0,83.82,74.64,74.1,3.0,107.0,67.0,111.0,152.0,15.0,994.0,1.0
2023-06-28 11:02:00,76.0,84.03,74.58,74.06,3.0,103.0,67.0,111.0,193.0,15.0,995.0,1.0
2023-06-28 12:06:00,76.0,84.29,74.64,74.03,3.0,99.0,67.0,111.0,235.0,15.0,996.0,1.0
2023-06-28 13:01:00,77.0,84.64,74.63,74.03,3.0,96.0,67.0,111.0,14.0,15.0,997.0,1.0
2023-06-28 14:03:00,76.0,84.65,74.63,74.04,3.0,94.0,67.0,111.0,29.0,25.0,998.0,1.0
2023-06-28 15:37:00,76.0,85.19,74.63,74.05,3.0,89.0,67.0,111.0,91.0,25.0,999.0,1.0
2023-06-28 16:08:00,76.0,85.47,74.64,74.0,3.0,87.0,69.0,112.0,111.0,25.0,1000.0,1.0
2023-06-28 18:05:00,76.0,86.58,74.65,74.08,3.0,80.0,69.0,110.0,191.0,25.0,1001.0,1.0
2023-06-28 20:00:00,76.0,88.13,74.65,74.19,4.0,73.0,67.0,110.0,265.0,25.0,1002.0,1.0
2023-06-28 20:57:00,76.0,89.11,74.6,74.12,16.0,72.0,67.0,110.0,83.0,26.0,1003.0,1.0
2023-06-28 22:00:00,76.0,90.01,74.66,74.19,5.0,71.0,67.0,110.0,27.0,28.0,1004.0,1.0
2023-06-29 00:12:00,76.0,94.38,74.72,74.15,6.0,67.0,67.0,111.0,91.0,29.0,1005.0,1.0
2023-06-29 00:56:00,76.0,96.42,74.72,74.12,8.0,65.0,67.0,111.0,111.0,29.0,1006.0,1.0
2023-06-29 01:53:00,76.0,99.08,75.05,74.06,8.0,63.0,67.0,111.0,131.0,29.0,1007.0,1.0
2023-06-30 22:56:00,72.0,82.86,74.52,73.1,8.0,126.0,7.0,130.0,11.0,29.0,1008.0,1.0
2023-07-01 00:06:00,72.0,82.95,74.52,73.69,8.0,125.0,13.0,130.0,11.0,29.0,1009.0,1.0
2023-07-01 01:00:00,72.0,83.02,74.46,73.9,8.0,123.0,23.0,130.0,11.0,28.0,1010.0,1.0
2023-07-01 02:00:00,72.0,83.18,74.52,74.16,8.0,121.0,49.0,130.0,11.0,29.0,1011.0,1.0
2023-07-01 04:00:00,72.0,83.22,74.46,74.09,7.0,118.0,53.0,130.0,43.0,29.0,1012.0,1.0
2023-07-01 05:00:00,72.0,83.33,74.52,73.95,7.0,116.0,53.0,130.0,85.0,29.0,1013.0,1.0
2023-07-01 06:00:00,75.0,83.54,74.52,73.95,6.0,114.0,53.0,130.0,85.0,29.0,1014.0,1.0
2023-07-01 08:03:00,75.0,83.82,74.52,74.01,3.0,109.0,53.0,131.0,141.0,29.0,1015.0,1.0
2023-07-01 10:01:00,76.0,84.34,74.53,74.0,3.0,101.0,53.0,131.0,227.0,29.0,1016.0,1.0
2023-07-01 11:00:00,76.0,84.6,74.52,73.9,4.0,98.0,53.0,131.0,267.0,29.0,1017.0,1.0
2023-07-01 11:41:00,76.0,84.92,74.51,73.9,7.0,95.0,53.0,132.0,289.0,39.0,1018.0,1.0
2023-07-01 13:19:00,76.0,85.24,74.65,73.98,3.0,91.0,53.0,133.0,55.0,40.0,1019.0,1.0
2023-07-01 14:57:00,76.0,86.12,74.65,74.03,3.0,85.0,53.0,133.0,131.0,40.0,1020.0,1.0
2023-07-01 16:00:00,76.0,86.85,74.65,73.99,3.0,79.0,53.0,133.0,180.0,41.0,1021.0,1.0
2023-07-01 18:02:00,76.0,88.59,74.59,73.98,5.0,74.0,53.0,133.0,252.0,41.0,1022.0,1.0
2023-07-01 18:56:00,76.0,89.48,74.52,74.06,5.0,73.0,53.0,133.0,279.0,41.0,1023.0,1.0
2023-07-01 20:56:00,76.0,91.71,74.52,74.06,6.0,70.0,53.0,131.0,41.0,41.0,1024.0,1.0
2023-07-01 21:55:00,76.0,93.41,74.52,74.13,6.0,68.0,53.0,131.0,65.0,41.0,1025.0,1.0
2023-07-01 22:58:00,76.0,95.74,74.65,74.08,8.0,66.0,53.0,131.0,87.0,41.0,1026.0,1.0
2023-07-01 00:10:00,76.0,98.42,74.92,73.94,8.0,65.0,53.0,130.0,111.0,41.0,1027.0,1.0
2023-07-02 18:21:00,73.0,82.91,74.44,73.45,8.0,126.0,7.0,157.0,11.0,41.0,1028.0,1.0
2023-07-02 18:55:00,73.0,82.98,74.39,73.66,8.0,125.0,15.0,157.0,11.0,41.0,1029.0,1.0
2023-07-02 19:58:00,73.0,83.05,74.46,73.86,8.0,123.0,35.0,157.0,11.0,41.0,1030.0,1.0
2023-07-02 20:56:00,73.0,83.14,74.46,73.93,8.0,121.0,53.0,157.0,11.0,41.0,1031.0,1.0
2023-07-02 22:55:00,73.0,83.31,74.39,74.08,8.0,118.0,55.0,157.0,48.0,41.0,1032.0,1.0
2023-07-03 00:00:00,73.0,83.54,74.46,74.02,0.0,115.0,55.0,156.0,75.0,41.0,1033.0,1.0
2023-07-03 01:53:00,73.0,83.7,74.51,73.84,3.0,110.0,55.0,156.0,143.0,41.0,1034.0,1.0
2023-07-03 03:43:00,74.0,84.24,74.51,73.95,3.0,102.0,55.0,156.0,219.0,41.0,1035.0,1.0
2023-07-03 04:57:00,75.0,84.72,74.52,73.89,3.0,97.0,55.0,156.0,273.0,41.0,1036.0,1.0
2023-07-03 06:40:00,75.0,85.22,74.52,74.02,3.0,92.0,55.0,156.0,53.0,41.0,1037.0,1.0
2023-07-03 08:25:00,75.0,86.12,74.52,73.94,3.0,86.0,55.0,157.0,131.0,41.0,1038.0,1.0
2023-07-03 09:56:00,75.0,86.79,74.52,73.88,3.0,82.0,55.0,157.0,181.0,41.0,1039.0,1.0
2023-07-03 11:02:00,75.0,88.23,74.59,73.9,4.0,77.0,55.0,157.0,237.0,41.0,1040.0,1.0
2023-07-03 13:04:00,75.0,90.54,75.45,74.03,4.0,74.0,55.0,156.0,11.0,41.0,1041.0,1.0
2023-07-03 15:05:00,75.0,93.2,74.54,73.86,5.0,70.0,55.0,157.0,61.0,41.0,1042.0,1.0
2023-07-03 16:04:00,75.0,95.77,74.66,73.89,6.0,68.0,55.0,157.0,87.0,41.0,1043.0,1.0
2023-07-03 16:59:00,75.0,98.28,74.99,73.9,8.0,67.0,55.0,157.0,107.0,41.0,1044.0,1.0
2023-07-03 17:55:00,75.0,100.16,82.98,73.92,1.0,65.0,95.0,157.0,121.0,41.0,1045.0,1.0
2023-07-04 20:29:00,72.0,82.87,74.59,73.67,8.0,125.0,23.0,180.0,11.0,41.0,1046.0,1.0
2023-07-04 20:57:00,72.0,82.87,74.52,73.8,8.0,124.0,33.0,180.0,11.0,41.0,1047.0,1.0
2023-07-04 21:58:00,72.0,82.93,74.52,73.93,8.0,122.0,55.0,181.0,11.0,41.0,1048.0,1.0
2023-07-04 22:53:00,73.0,83.04,74.52,73.96,8.0,121.0,63.0,181.0,23.0,41.0,1049.0,1.0
2023-07-05 00:01:00,73.0,83.15,74.59,73.86,6.0,118.0,63.0,181.0,49.0,41.0,1050.0,1.0
2023-07-05 01:58:00,73.0,83.42,74.59,74.06,6.0,112.0,63.0,181.0,109.0,41.0,1051.0,1.0
2023-07-05 03:58:00,73.0,83.8,74.59,73.93,3.0,104.0,63.0,181.0,199.0,41.0,1052.0,1.0
2023-07-05 05:03:00,73.0,84.07,74.59,74.06,3.0,101.0,63.0,181.0,247.0,41.0,1053.0,1.0
2023-07-05 05:57:00,73.0,84.33,74.59,74.06,3.0,97.0,63.0,180.0,287.0,41.0,1054.0,1.0
2023-07-05 08:33:00,75.0,85.12,74.65,73.91,3.0,89.0,63.0,181.0,95.0,47.0,1055.0,1.0
2023-07-05 10:00:00,75.0,85.94,74.65,74.02,3.0,83.0,63.0,181.0,162.0,47.0,1056.0,1.0
2023-07-05 12:25:00,75.0,88.47,74.72,74.03,3.0,73.0,63.0,180.0,275.0,47.0,1057.0,1.0
2023-07-05 14:08:00,74.0,90.36,74.65,74.01,5.0,71.0,63.0,180.0,37.0,47.0,1058.0,1.0
2023-07-05 15:00:00,74.0,92.6,74.72,74.0,4.0,68.0,63.0,182.0,69.0,47.0,1059.0,1.0
2023-07-05 16:00:00,74.0,95.79,74.72,73.94,5.0,67.0,63.0,182.0,101.0,47.0,1060.0,1.0
2023-07-05 17:00:00,74.0,99.13,75.32,73.94,1.0,65.0,63.0,182.0,131.0,47.0,1061.0,1.0
2023-07-06 17:54:00,72.0,83.06,74.52,73.54,8.0,122.0,7.0,15.0,11.0,47.0,1062.0,1.0
2023-07-06 19:53:00,72.0,83.17,74.51,73.92,8.0,119.0,20.0,15.0,11.0,47.0,1063.0,1.0
2023-07-06 21:00:00,72.0,83.26,74.51,74.13,8.0,117.0,22.0,15.0,31.0,47.0,1064.0,1.0
2023-07-06 23:00:00,72.0,83.42,74.5,74.07,5.0,113.0,23.0,15.0,73.0,47.0,1065.0,1.0
2023-07-06 23:56:00,72.0,83.54,74.58,74.21,5.0,113.0,23.0,15.0,99.0,46.0,1066.0,1.0
2023-07-07 01:57:00,72.0,83.86,74.58,74.08,5.0,106.0,23.0,15.0,153.0,47.0,1067.0,1.0
2023-07-07 04:00:00,73.0,84.49,74.71,74.08,3.0,98.0,23.0,15.0,245.0,47.0,1068.0,1.0
2023-07-07 05:00:00,73.0,84.83,74.61,74.08,8.0,94.0,23.0,15.0,283.0,47.0,1069.0,1.0
2023-07-07 06:00:00,73.0,84.92,74.57,74.15,4.0,93.0,23.0,15.0,15.0,52.0,1070.0,1.0
2023-07-07 08:01:00,75.0,85.74,74.64,74.03,3.0,86.0,23.0,15.0,97.0,53.0,1071.0,1.0
2023-07-07 09:07:00,75.0,86.4,74.64,74.04,3.0,81.0,23.0,15.0,148.0,53.0,1072.0,1.0
2023-07-07 11:01:00,75.0,88.04,74.64,74.01,4.0,74.0,23.0,15.0,229.0,53.0,1073.0,1.0
2023-07-07 12:36:00,75.0,90.38,74.78,74.0,5.0,70.0,23.0,15.0,293.0,53.0,1074.0,1.0
2023-07-07 14:30:00,75.0,92.53,74.67,74.0,6.0,68.0,23.0,15.0,43.0,53.0,1075.0,1.0
2023-07-07 17:00:00,73.0,97.85,74.99,74.03,8.0,65.0,23.0,15.0,103.0,53.0,1076.0,1.0
2023-07-07 18:00:00,73.0,99.01,75.44,73.97,8.0,64.0,23.0,15.0,117.0,53.0,1077.0,1.0
2023-07-08 12:00:00,72.0,83.06,74.51,73.78,8.0,123.0,11.0,39.0,11.0,53.0,1078.0,1.0
2023-07-08 13:00:00,70.0,82.98,74.5,73.93,8.0,122.0,29.0,39.0,11.0,53.0,1079.0,1.0
2023-07-08 15:00:00,73.0,83.22,74.51,73.94,5.0,118.0,47.0,39.0,33.0,53.0,1080.0,1.0
2023-07-08 16:00:00,73.0,83.28,74.38,73.94,3.0,114.0,47.0,39.0,77.0,53.0,1081.0,1.0
2023-07-08 17:00:00,75.0,83.38,74.57,73.95,3.0,112.0,47.0,39.0,103.0,53.0,1082.0,1.0
2023-07-08 19:00:00,75.0,83.88,74.64,74.05,3.0,104.0,47.0,39.0,187.0,53.0,1083.0,1.0
2023-07-08 20:50:00,75.0,84.34,74.51,74.06,3.0,97.0,47.0,39.0,263.0,53.0,1084.0,1.0
2023-07-08 23:00:00,75.0,84.72,74.52,74.06,3.0,93.0,47.0,39.0,31.0,53.0,1085.0,1.0
2023-07-09 00:17:00,75.0,85.55,74.64,74.07,3.0,87.0,47.0,39.0,99.0,53.0,1086.0,1.0
2023-07-09 02:02:00,75.0,86.6,74.65,74.12,5.0,80.0,47.0,39.0,177.0,53.0,1087.0,1.0
2023-07-09 02:25:00,75.0,87.05,74.64,74.2,5.0,79.0,47.0,39.0,195.0,53.0,1088.0,1.0
2023-07-09 03:02:00,75.0,87.82,74.64,74.01,6.0,77.0,47.0,39.0,221.0,53.0,1089.0,1.0
2023-07-09 05:01:00,75.0,90.03,74.51,74.01,8.0,73.0,47.0,39.0,279.0,53.0,1090.0,1.0
2023-07-09 07:01:00,75.0,92.45,74.64,74.06,8.0,70.0,47.0,39.0,27.0,53.0,1091.0,1.0
2023-07-09 08:00:00,75.0,94.26,74.64,74.02,8.0,69.0,47.0,39.0,47.0,53.0,1092.0,1.0
2023-07-09 09:45:00,75.0,97.69,74.85,73.95,8.0,67.0,47.0,39.0,83.0,53.0,1093.0,1.0
2023-07-10 06:04:00,72.0,82.75,74.28,73.73,8.0,125.0,7.0,61.0,11.0,53.0,1094.0,1.0
2023-07-10 06:58:00,72.0,82.79,74.39,73.84,8.0,124.0,7.0,61.0,11.0,53.0,1095.0,1.0
2023-07-10 08:05:00,72.0,82.85,74.38,74.01,8.0,122.0,37.0,61.0,11.0,53.0,1096.0,1.0
2023-07-10 09:08:00,70.0,82.93,74.55,73.93,5.0,120.0,51.0,61.0,15.0,53.0,1097.0,1.0
2023-07-10 10:09:00,70.0,83.09,74.51,73.99,3.0,116.0,51.0,61.0,54.0,53.0,1098.0,1.0
2023-07-10 11:04:00,70.0,83.24,74.51,73.84,3.0,113.0,51.0,61.0,89.0,53.0,1099.0,1.0
2023-07-10 12:30:00,70.0,83.51,74.58,73.94,3.0,108.0,51.0,61.0,148.0,53.0,1100.0,1.0
2023-07-10 13:40:00,70.0,83.67,74.51,73.94,3.0,105.0,51.0,61.0,174.0,53.0,1101.0,1.0
2023-07-10 14:42:00,70.0,83.93,74.51,73.9,3.0,100.0,51.0,61.0,238.0,53.0,1102.0,1.0
2023-07-10 16:00:00,71.0,84.27,74.51,73.92,3.0,95.0,51.0,61.0,289.0,53.0,1103.0,1.0
2023-07-10 17:57:00,71.0,84.65,74.59,73.9,3.0,91.0,51.0,61.0,47.0,53.0,1104.0,1.0
2023-07-10 19:55:00,71.0,85.38,74.58,73.9,3.0,85.0,51.0,61.0,119.0,53.0,1105.0,1.0
2023-07-10 21:56:00,72.0,86.03,74.52,74.04,5.0,81.0,51.0,61.0,173.0,53.0,1106.0,1.0
2023-07-11 00:05:00,72.0,87.54,74.59,74.05,4.0,76.0,51.0,61.0,235.0,53.0,1107.0,1.0
2023-07-11 00:57:00,72.0,88.32,74.52,74.05,4.0,74.0,51.0,61.0,264.0,53.0,1108.0,1.0
2023-07-11 02:59:00,73.0,90.33,74.72,74.06,6.0,71.0,51.0,61.0,25.0,53.0,1109.0,1.0
2023-07-11 03:59:00,73.0,91.73,74.59,74.06,6.0,69.0,51.0,61.0,49.0,53.0,1110.0,1.0
2023-07-11 06:08:00,73.0,95.34,74.65,74.12,8.0,67.0,51.0,61.0,91.0,53.0,1111.0,1.0
2023-07-11 07:02:00,74.0,97.51,74.86,74.1,7.0,66.0,51.0,61.0,109.0,53.0,1112.0,1.0
2023-07-11 08:14:00,74.0,100.06,85.37,74.14,1.0,62.0,85.0,61.0,123.0,53.0,1113.0,1.0
2023-07-12 00:05:00,71.0,82.87,74.51,73.52,8.0,124.0,7.0,7.0,11.0,52.0,1114.0,1.0
2023-07-12 00:57:00,71.0,82.89,74.51,73.73,8.0,123.0,15.0,7.0,11.0,53.0,1115.0,1.0
2023-07-12 01:59:00,73.0,82.93,74.49,73.8,8.0,121.0,33.0,7.0,11.0,53.0,1116.0,1.0
2023-07-12 02:55:00,72.0,82.99,74.51,73.87,8.0,119.0,51.0,7.0,11.0,53.0,1117.0,1.0
2023-07-12 05:00:00,72.0,83.27,74.45,73.94,6.0,115.0,55.0,7.0,56.0,53.0,1118.0,1.0
2023-07-12 06:58:00,72.0,83.47,74.51,73.97,6.0,110.0,55.0,7.0,103.0,53.0,1119.0,1.0
2023-07-12 08:13:00,72.0,83.53,74.51,73.93,4.0,108.0,55.0,7.0,135.0,53.0,1120.0,1.0
2023-07-12 09:02:00,73.0,83.76,74.51,73.98,4.0,105.0,55.0,7.0,162.0,53.0,1121.0,1.0
2023-07-12 11:08:00,73.0,84.25,74.58,73.91,3.0,98.0,55.0,7.0,241.0,53.0,1122.0,1.0
2023-07-12 12:15:00,73.0,84.63,74.64,73.89,3.0,93.0,55.0,7.0,297.0,53.0,1123.0,1.0
2023-07-12 13:05:00,73.0,84.66,74.51,73.88,3.0,92.0,55.0,7.0,11.0,53.0,1124.0,1.0
2023-07-12 15:08:00,73.0,85.38,74.58,73.89,3.0,85.0,55.0,7.0,97.0,52.0,1125.0,1.0
2023-07-12 15:59:00,73.0,85.81,74.58,73.9,3.0,82.0,55.0,7.0,133.0,52.0,1126.0,1.0
2023-07-12 17:00:00,73.0,86.31,74.64,73.9,3.0,79.0,55.0,7.0,171.0,52.0,1127.0,1.0
2023-07-12 17:58:00,73.0,87.01,74.64,73.99,4.0,78.0,55.0,7.0,205.0,52.0,1128.0,1.0
2023-07-12 18:51:00,73.0,87.79,74.64,74.93,4.0,73.0,55.0,7.0,249.0,52.0,1129.0,1.0
2023-07-12 21:03:00,73.0,89.86,74.64,74.0,4.0,71.0,55.0,7.0,17.0,52.0,1130.0,1.0
2023-07-12 23:00:00,73.0,94.06,74.71,73.93,6.0,67.0,55.0,7.0,75.0,52.0,1131.0,1.0
2023-07-13 00:17:00,73.0,97.32,74.71,73.93,8.0,65.0,55.0,7.0,103.0,52.0,1132.0,1.0
2023-07-13 00:58:00,73.0,99.37,74.98,73.88,1.0,64.0,55.0,7.0,115.0,52.0,1133.0,1.0
2023-07-14 15:15:00,72.0,82.69,74.71,72.99,8.0,126.0,7.0,23.0,11.0,53.0,1134.0,1.0
2023-07-14 16:01:00,72.0,82.74,74.5,73.4,8.0,125.0,7.0,23.0,11.0,53.0,1135.0,1.0
2023-07-14 16:57:00,72.0,82.81,74.58,73.76,8.0,123.0,17.0,23.0,11.0,53.0,1136.0,1.0
2023-07-14 17:58:00,72.0,82.85,74.51,73.93,8.0,121.0,35.0,23.0,11.0,53.0,1137.0,1.0
2023-07-14 18:55:00,72.0,83.01,74.57,74.08,8.0,119.0,55.0,23.0,11.0,53.0,1138.0,1.0
2023-07-14 19:53:00,72.0,83.09,74.57,74.16,8.0,118.0,67.0,23.0,19.0,53.0,1139.0,1.0
2023-07-14 20:57:00,73.0,83.15,74.64,74.24,6.0,116.0,67.0,23.0,41.0,53.0,1140.0,1.0
2023-07-14 21:56:00,73.0,83.27,74.57,74.19,6.0,113.0,67.0,23.0,65.0,53.0,1141.0,1.0
2023-07-14 23:00:00,74.0,83.43,74.63,74.25,6.0,111.0,67.0,23.0,91.0,53.0,1142.0,1.0
2023-07-15 00:05:00,74.0,83.53,74.63,74.26,6.0,108.0,67.0,23.0,119.0,53.0,1143.0,1.0
2023-07-15 01:52:00,74.0,83.87,74.6,74.26,6.0,104.0,67.0,23.0,165.0,53.0,1144.0,1.0
2023-07-15 02:50:00,74.0,83.98,74.63,74.26,6.0,101.0,67.0,23.0,183.0,60.0,1145.0,1.0
2023-07-15 03:50:00,74.0,84.15,74.57,74.26,6.0,99.0,67.0,23.0,183.0,87.0,1146.0,1.0
2023-07-15 04:47:00,74.0,84.26,74.63,74.2,6.0,98.0,67.0,23.0,183.0,111.0,1147.0,1.0
2023-07-15 05:44:00,74.0,84.42,74.63,74.26,5.0,95.0,67.0,23.0,183.0,138.0,1148.0,1.0
2023-07-15 07:00:00,74.0,84.75,74.63,74.24,5.0,92.0,67.0,23.0,183.0,175.0,1149.0,1.0
2023-07-15 08:25:00,74.0,85.18,74.63,74.14,5.0,88.0,67.0,23.0,185.0,221.0,1150.0,1.0
2023-07-15 09:40:00,74.0,85.44,74.63,74.16,3.0,85.0,67.0,23.0,193.0,251.0,1151.0,1.0
2023-07-15 11:00:00,75.0,86.03,74.63,74.05,3.0,82.0,67.0,23.0,239.0,11.0,1152.0,1.0
2023-07-15 12:15:00,75.0,86.95,74.77,73.97,6.0,76.7,67.0,23.0,287.0,11.0,1153.0,1.0
2023-07-15 14:00:00,74.0,87.78,74.63,73.95,8.0,74.0,67.0,23.0,11.0,45.0,1154.0,1.0
2023-07-15 15:01:00,74.0,88.39,74.57,73.96,6.0,73.0,67.0,23.0,11.0,71.0,1155.0,1.0
2023-07-15 17:56:00,74.0,93.49,74.77,74.12,5.0,67.0,67.0,23.0,75.0,93.0,1156.0,1.0
2023-07-15 18:57:00,74.0,96.74,74.98,74.14,6.0,65.0,67.0,23.0,103.0,93.0,1157.0,1.0
2023-07-15 19:40:00,74.0,99.07,75.24,74.14,1.0,64.0,67.0,23.0,119.0,93.0,1158.0,1.0
2023-07-16 06:30:00,68.0,82.56,75.24,71.3,10.0,129.0,7.0,134.0,11.0,93.0,1159.0,1.0
2023-07-16 08:27:00,71.0,82.56,76.17,71.24,10.0,130.0,7.0,135.0,11.0,93.0,1160.0,1.0
2023-07-16 09:05:00,71.0,83.09,74.77,73.66,8.0,124.0,7.0,136.0,11.0,93.0,1161.0,1.0
2023-07-16 10:10:00,72.0,83.15,74.64,74.06,8.0,122.0,37.0,135.0,11.0,93.0,1162.0,1.0
2023-07-16 11:04:00,71.0,83.19,74.64,74.05,8.0,121.0,53.0,135.0,11.0,93.0,1163.0,1.0
2023-07-16 12:00:00,71.0,83.62,74.71,74.17,8.0,119.0,69.0,135.0,11.0,93.0,1164.0,1.0
2023-07-16 13:00:00,71.0,83.4,74.64,74.15,6.0,117.0,73.0,137.0,27.0,93.0,1165.0,1.0
2023-07-16 14:55:00,70.0,83.52,74.64,74.08,6.0,115.0,73.0,137.0,67.0,93.0,1166.0,1.0
2023-07-16 16:00:00,72.0,83.67,74.64,74.18,6.0,111.0,75.0,137.0,93.0,93.0,1167.0,1.0
2023-07-16 17:01:00,72.0,83.77,74.64,74.19,6.0,109.0,73.0,137.0,115.0,93.0,1168.0,1.0
2023-07-16 17:55:00,72.0,83.84,74.71,74.29,6.0,107.0,73.0,137.0,135.0,93.0,1169.0,1.0
2023-07-16 18:55:00,72.0,84.01,74.71,74.36,6.0,106.0,73.0,137.0,147.0,101.0,1170.0,1.0
2023-07-16 19:57:00,73.0,84.16,74.64,74.16,5.0,104.0,73.0,137.0,147.0,125.0,1171.0,1.0
2023-07-16 20:58:00,75.0,84.37,74.67,74.23,4.0,101.0,73.0,135.0,148.0,155.0,1172.0,1.0
2023-07-16 21:56:00,74.0,84.61,74.71,74.44,4.0,98.0,73.0,135.0,148.0,187.0,1173.0,1.0
2023-07-17 00:04:00,74.0,85.18,74.71,74.24,4.0,92.0,73.0,135.0,147.0,256.0,1174.0,1.0
2023-07-17 02:00:00,74.0,85.85,74.71,74.32,4.0,87.0,73.0,135.0,181.0,11.0,1175.0,1.0
2023-07-17 02:52:00,74.0,86.15,74.64,74.31,4.0,85.0,73.0,135.0,185.0,30.0,1176.0,1.0
2023-07-17 03:52:00,74.0,86.65,74.64,74.25,4.0,82.0,73.0,135.0,185.0,63.0,1177.0,1.0
2023-07-17 04:49:00,75.0,87.24,74.64,74.31,4.0,80.0,73.0,135.0,185.0,93.0,1178.0,1.0
2023-07-17 05:50:00,75.0,88.01,74.71,74.17,4.0,77.0,73.0,135.0,185.0,127.0,1179.0,1.0
2023-07-17 06:47:00,75.0,89.06,74.64,74.21,4.0,75.0,73.0,135.0,197.0,145.0,1180.0,1.0
2023-07-17 07:58:00,75.0,90.76,74.71,74.24,5.0,73.0,73.0,135.0,233.0,147.0,1181.0,1.0
2023-07-17 09:01:00,75.0,92.74,74.71,74.29,5.0,71.0,73.0,135.0,261.0,10.0,1182.0,1.0
2023-07-17 09:58:00,75.0,95.08,74.71,74.23,0.0,69.0,73.0,136.0,265.0,10.0,1183.0,1.0
2023-07-17 10:59:00,75.0,96.92,74.71,74.21,6.0,68.0,73.0,136.0,21.0,10.0,1184.0,1.0
2023-07-18 21:02:00,72.0,82.66,74.58,73.52,8.0,126.0,7.0,157.0,37.0,11.0,1185.0,1.0
2023-07-18 21:36:00,72.0,82.68,74.52,73.73,8.0,125.0,17.0,157.0,37.0,11.0,1186.0,1.0
2023-07-18 22:57:00,72.0,82.84,74.58,73.98,8.0,122.0,43.0,157.0,37.0,11.0,1187.0,1.0
2023-07-19 00:00:00,72.0,82.83,74.58,74.02,8.0,121.0,63.0,157.0,37.0,11.0,1188.0,1.0
2023-07-19 01:54:00,72.0,83.01,74.58,74.11,8.0,117.0,77.0,156.0,61.0,11.0,1189.0,1.0
2023-07-19 03:56:00,72.0,83.19,74.51,74.11,8.0,114.0,77.0,156.0,100.0,11.0,1190.0,1.0
2023-07-19 04:53:00,72.0,83.25,74.51,74.05,8.0,112.0,77.0,156.0,121.0,11.0,1191.0,1.0
2023-07-19 05:54:00,72.0,83.31,74.5,74.05,8.0,111.0,77.0,156.0,139.0,11.0,1192.0,1.0
2023-07-19 06:54:00,72.0,83.37,74.5,74.04,8.0,109.0,77.0,156.0,159.0,11.0,1193.0,1.0
2023-07-19 08:18:00,72.0,83.53,74.51,74.17,5.0,106.0,77.0,157.0,169.0,35.0,1194.0,1.0
2023-07-19 09:08:00,73.0,83.64,74.5,74.1,5.0,105.0,77.0,157.0,169.0,57.0,1195.0,1.0
2023-07-19 11:00:00,73.0,84.12,74.64,74.16,3.0,98.0,77.0,157.0,169.0,127.0,1196.0,1.0
2023-07-19 13:10:00,72.0,84.7,74.58,74.01,4.0,91.0,77.0,157.0,169.0,207.0,1197.0,1.0
2023-07-19 15:06:00,74.0,85.2,74.51,74.07,4.0,85.0,77.0,157.0,169.0,285.0,1198.0,1.0
2023-07-19 16:55:00,74.0,85.65,74.51,74.02,8.0,84.0,77.0,157.0,173.0,11.0,1199.0,1.0
2023-07-19 17:50:00,74.0,85.97,74.51,74.02,8.0,82.0,77.0,157.0,183.0,24.0,1200.0,1.0
2023-07-19 19:00:00,74.0,86.59,74.51,74.06,4.0,80.0,77.0,157.0,183.0,61.0,1201.0,1.0
2023-07-19 19:53:00,74.0,87.2,74.5,74.13,4.0,77.0,77.0,157.0,183.0,87.0,1202.0,1.0
2023-07-19 20:56:00,74.0,88.12,74.51,74.2,4.0,75.0,77.0,157.0,183.0,121.0,1203.0,1.0
2023-07-19 21:53:00,74.0,89.12,74.51,73.96,5.0,73.0,77.0,157.0,183.0,146.0,1204.0,1.0
2023-07-19 22:55:00,74.0,90.74,74.5,74.08,6.0,71.0,77.0,157.0,183.0,177.0,1205.0,1.0
2023-07-19 04:11:00,73.0,90.83,73.23,74.06,8.0,72.0,77.0,157.0,185.0,10.0,1206.0,1.0
2023-07-19 05:07:00,74.0,91.99,74.58,74.01,10.0,70.0,93.0,157.0,187.0,10.0,1207.0,1.0
2023-07-19 05:54:00,75.0,93.16,74.5,74.01,10.0,69.0,93.0,156.0,197.0,10.0,1208.0,1.0
2023-07-19 06:57:00,75.0,94.77,74.5,74.04,8.0,68.0,93.0,156.0,215.0,10.0,1209.0,1.0
2023-07-19 08:05:00,75.0,97.38,74.64,74.2,6.0,68.0,93.0,157.0,237.0,11.0,1210.0,1.0
